experiment,kind,checkpoint_status,action,checkpoint,log_file,line
experiment-3,lsas_eval,BEST,OK,experiments/experiment-3/checkpoints/resnet18_lejepa_probe_best.pt,experiments/experiment-3/logs/eval_lejepa_47866114.out,28
experiment-3,lsas_eval,BEST,OK,experiments/experiment-3/checkpoints/resnet18_supervised_best.pt,experiments/experiment-3/logs/eval_supervised_47862209.err,11
experiment-3,lsas_eval,BEST,OK,experiments/experiment-3/checkpoints/resnet18_supervised_best.pt,experiments/experiment-3/logs/eval_supervised_47862209.out,28
experiment-3,lsas_eval,BEST,OK,experiments/experiment-3/checkpoints/resnet18_supervised_best.pt,experiments/experiment-3/logs/eval_supervised_47863282.out,28
experiment-c10-r18-lejepa,lsas_eval,BEST,OK,experiments/experiment-c10-r18-lejepa/checkpoints/resnet18_lejepa_probe_best.pt,experiments/experiment-c10-r18-lejepa/logs/eval_lejepa_predicted_48096127.out,29
experiment-c10-r18-lejepa,lsas_eval,BEST,OK,experiments/experiment-c10-r18-lejepa/checkpoints/resnet18_lejepa_probe_best.pt,experiments/experiment-c10-r18-lejepa/logs/eval_lejepa_true_48096130.out,29
experiment-c10-r18-lejepa,feature_spaces,LAST,RERUN_FEATURE_SPACES_WITH_BEST,outputs/checkpoints/resnet18_lejepa_backbone_last.pt,experiments/experiment-c10-r18-lejepa/logs/feature_spaces_lejepa_48106177.out,3
experiment-c10-r18-lejepa,feature_spaces,LAST,RERUN_FEATURE_SPACES_WITH_BEST,outputs/checkpoints/resnet18_lejepa_backbone_last.pt,experiments/experiment-c10-r18-lejepa/logs/feature_spaces_lejepa_48107092.out,3
experiment-c10-r18-lejepa,representation,BEST,OK,experiments/experiment-c10-r18-lejepa/checkpoints/resnet18_lejepa_probe_best.pt,experiments/experiment-c10-r18-lejepa/logs/repr_lejepa_48096123.out,28
experiment-c10-r18-lejepa-light-config,lsas_eval,BEST,OK,experiments/experiment-c10-r18-lejepa-light-config/checkpoints/resnet18_lejepa_probe_best.pt,experiments/experiment-c10-r18-lejepa-light-config/logs/eval_lejepa_predicted_48181100.out,29
experiment-c10-r18-lejepa-light-config,lsas_eval,BEST,OK,experiments/experiment-c10-r18-lejepa-light-config/checkpoints/resnet18_lejepa_probe_best.pt,experiments/experiment-c10-r18-lejepa-light-config/logs/eval_lejepa_true_48181137.out,29
experiment-c10-r18-lejepa-light-config,feature_spaces,LAST,RERUN_FEATURE_SPACES_WITH_BEST,outputs/checkpoints/resnet18_lejepa_backbone_last.pt,experiments/experiment-c10-r18-lejepa-light-config/logs/feature_spaces_lejepa_48181099.out,3
experiment-c10-r18-lejepa-light-config,feature_spaces,LAST,RERUN_FEATURE_SPACES_WITH_BEST,experiments/experiment-c10-r18-lejepa-light-config/checkpoints/resnet18_lejepa_backbone_last.pt,experiments/experiment-c10-r18-lejepa-light-config/logs/feature_spaces_lejepa_48189225.out,4
experiment-c10-r18-lejepa-light-config,representation,BEST,OK,experiments/experiment-c10-r18-lejepa-light-config/checkpoints/resnet18_lejepa_probe_best.pt,experiments/experiment-c10-r18-lejepa-light-config/logs/repr_lejepa_48181096.out,28
experiment-c10-r18-lejepa-light-v3,lsas_eval,BEST,OK,experiments/experiment-c10-r18-lejepa-light-v3/checkpoints/resnet18_lejepa_probe_best.pt,experiments/experiment-c10-r18-lejepa-light-v3/logs/eval_lejepa_predicted_48210500.out,29
experiment-c10-r18-lejepa-light-v3,lsas_eval,BEST,OK,experiments/experiment-c10-r18-lejepa-light-v3/checkpoints/resnet18_lejepa_probe_best.pt,experiments/experiment-c10-r18-lejepa-light-v3/logs/eval_lejepa_true_48210501.out,29
experiment-c10-r18-lejepa-light-v3,feature_spaces,LAST,RERUN_FEATURE_SPACES_WITH_BEST,experiments/experiment-c10-r18-lejepa-light-v3/checkpoints/resnet18_lejepa_backbone_last.pt,experiments/experiment-c10-r18-lejepa-light-v3/logs/feature_spaces_lejepa_48210499.out,2
experiment-c10-r18-lejepa-light-v3,feature_spaces,LAST,RERUN_FEATURE_SPACES_WITH_BEST,experiments/experiment-c10-r18-lejepa-light-v3/checkpoints/resnet18_lejepa_backbone_last.pt,experiments/experiment-c10-r18-lejepa-light-v3/logs/feature_spaces_lejepa_48210499.out,5
experiment-c10-r18-lejepa-light-v3,representation,BEST,OK,experiments/experiment-c10-r18-lejepa-light-v3/checkpoints/resnet18_lejepa_probe_best.pt,experiments/experiment-c10-r18-lejepa-light-v3/logs/repr_lejepa_48210497.out,28
experiment-c10-r18-lejepa-light-v3,train,LAST,CHECK_AND_PROBABLY_RERUN,experiments/experiment-c10-r18-lejepa-light-v3/checkpoints/resnet18_lejepa_backbone_last.pt,experiments/experiment-c10-r18-lejepa-light-v3/logs/train_lejepa_48198425.out,442
experiment-c10-r18-lejepa-light-v3,train,BEST,OK,experiments/experiment-c10-r18-lejepa-light-v3/checkpoints/resnet18_lejepa_backbone_loss_best.pt,experiments/experiment-c10-r18-lejepa-light-v3/logs/train_lejepa_48198425.out,444
experiment-c10-r18-lejepa-light-v3,train,EPOCH,OK,experiments/experiment-c10-r18-lejepa-light-v3/checkpoints/resnet18_lejepa_backbone_epoch_020.pt,experiments/experiment-c10-r18-lejepa-light-v3/logs/train_lejepa_48198425.out,446
experiment-c10-r18-lejepa-light-v3,train,EPOCH,OK,experiments/experiment-c10-r18-lejepa-light-v3/checkpoints/resnet18_lejepa_backbone_epoch_040.pt,experiments/experiment-c10-r18-lejepa-light-v3/logs/train_lejepa_48198425.out,448
experiment-c10-r18-lejepa-light-v3,train,EPOCH,OK,experiments/experiment-c10-r18-lejepa-light-v3/checkpoints/resnet18_lejepa_backbone_epoch_060.pt,experiments/experiment-c10-r18-lejepa-light-v3/logs/train_lejepa_48198425.out,450
experiment-c10-r18-lejepa-light-v3,train,EPOCH,OK,experiments/experiment-c10-r18-lejepa-light-v3/checkpoints/resnet18_lejepa_backbone_epoch_080.pt,experiments/experiment-c10-r18-lejepa-light-v3/logs/train_lejepa_48198425.out,452
experiment-c10-r18-lejepa-light-v3,train,EPOCH,OK,experiments/experiment-c10-r18-lejepa-light-v3/checkpoints/resnet18_lejepa_backbone_epoch_100.pt,experiments/experiment-c10-r18-lejepa-light-v3/logs/train_lejepa_48198425.out,454
experiment-c10-r18-lejepa-light-v3,train,EPOCH,OK,experiments/experiment-c10-r18-lejepa-light-v3/checkpoints/resnet18_lejepa_backbone_epoch_120.pt,experiments/experiment-c10-r18-lejepa-light-v3/logs/train_lejepa_48198425.out,456
experiment-c10-r18-lejepa-light-v3,train,EPOCH,OK,experiments/experiment-c10-r18-lejepa-light-v3/checkpoints/resnet18_lejepa_backbone_epoch_140.pt,experiments/experiment-c10-r18-lejepa-light-v3/logs/train_lejepa_48198425.out,458
experiment-c10-r18-lejepa-light-v3,train,EPOCH,OK,experiments/experiment-c10-r18-lejepa-light-v3/checkpoints/resnet18_lejepa_backbone_epoch_160.pt,experiments/experiment-c10-r18-lejepa-light-v3/logs/train_lejepa_48198425.out,460
experiment-c10-r18-lejepa-light-v3,train,EPOCH,OK,experiments/experiment-c10-r18-lejepa-light-v3/checkpoints/resnet18_lejepa_backbone_epoch_180.pt,experiments/experiment-c10-r18-lejepa-light-v3/logs/train_lejepa_48198425.out,462
experiment-c10-r18-lejepa-light-v3,train,EPOCH,OK,experiments/experiment-c10-r18-lejepa-light-v3/checkpoints/resnet18_lejepa_backbone_epoch_200.pt,experiments/experiment-c10-r18-lejepa-light-v3/logs/train_lejepa_48198425.out,464
experiment-c10-r18-lejepa-light-v3,train,EPOCH,OK,experiments/experiment-c10-r18-lejepa-light-v3/checkpoints/resnet18_lejepa_backbone_epoch_220.pt,experiments/experiment-c10-r18-lejepa-light-v3/logs/train_lejepa_48198425.out,466
experiment-c10-r18-lejepa-light-v3,train,EPOCH,OK,experiments/experiment-c10-r18-lejepa-light-v3/checkpoints/resnet18_lejepa_backbone_epoch_240.pt,experiments/experiment-c10-r18-lejepa-light-v3/logs/train_lejepa_48198425.out,468
experiment-c10-r18-lejepa-light-v3,train,EPOCH,OK,experiments/experiment-c10-r18-lejepa-light-v3/checkpoints/resnet18_lejepa_backbone_epoch_260.pt,experiments/experiment-c10-r18-lejepa-light-v3/logs/train_lejepa_48198425.out,470
experiment-c10-r18-lejepa-light-v3,train,EPOCH,OK,experiments/experiment-c10-r18-lejepa-light-v3/checkpoints/resnet18_lejepa_backbone_epoch_280.pt,experiments/experiment-c10-r18-lejepa-light-v3/logs/train_lejepa_48198425.out,472
experiment-c10-r18-lejepa-light-v3,train,EPOCH,OK,experiments/experiment-c10-r18-lejepa-light-v3/checkpoints/resnet18_lejepa_backbone_epoch_300.pt,experiments/experiment-c10-r18-lejepa-light-v3/logs/train_lejepa_48198425.out,474
experiment-c10-r18-lejepa-light-v3,train,EPOCH,OK,experiments/experiment-c10-r18-lejepa-light-v3/checkpoints/resnet18_lejepa_backbone_epoch_320.pt,experiments/experiment-c10-r18-lejepa-light-v3/logs/train_lejepa_48198425.out,476
experiment-c10-r18-lejepa-light-v3,train,EPOCH,OK,experiments/experiment-c10-r18-lejepa-light-v3/checkpoints/resnet18_lejepa_backbone_epoch_340.pt,experiments/experiment-c10-r18-lejepa-light-v3/logs/train_lejepa_48198425.out,478
experiment-c10-r18-lejepa-light-v3,train,EPOCH,OK,experiments/experiment-c10-r18-lejepa-light-v3/checkpoints/resnet18_lejepa_backbone_epoch_360.pt,experiments/experiment-c10-r18-lejepa-light-v3/logs/train_lejepa_48198425.out,480
experiment-c10-r18-lejepa-light-v3,train,EPOCH,OK,experiments/experiment-c10-r18-lejepa-light-v3/checkpoints/resnet18_lejepa_backbone_epoch_380.pt,experiments/experiment-c10-r18-lejepa-light-v3/logs/train_lejepa_48198425.out,482
experiment-c10-r18-lejepa-light-v3,train,EPOCH,OK,experiments/experiment-c10-r18-lejepa-light-v3/checkpoints/resnet18_lejepa_backbone_epoch_400.pt,experiments/experiment-c10-r18-lejepa-light-v3/logs/train_lejepa_48198425.out,484
experiment-c10-r18-lejepa-light-v3,train,LAST,CHECK_AND_PROBABLY_RERUN,experiments/experiment-c10-r18-lejepa-light-v3/checkpoints/resnet18_lejepa_backbone_last.pt,experiments/experiment-c10-r18-lejepa-light-v3/logs/train_lejepa_48198425.out,487
experiment-c10-r18-lejepa-light-v3,train,BEST,OK,experiments/experiment-c10-r18-lejepa-light-v3/checkpoints/resnet18_lejepa_backbone_best.pt,experiments/experiment-c10-r18-lejepa-light-v3/logs/train_lejepa_48198425.out,490
experiment-c10-r18-lejepa-light-v3-sig-005,lsas_eval,BEST,OK,experiments/experiment-c10-r18-lejepa-light-v3-sig-005/checkpoints/resnet18_lejepa_probe_best.pt,experiments/experiment-c10-r18-lejepa-light-v3-sig-005/logs/eval_lejepa_predicted_48210512.out,29
experiment-c10-r18-lejepa-light-v3-sig-005,lsas_eval,BEST,OK,experiments/experiment-c10-r18-lejepa-light-v3-sig-005/checkpoints/resnet18_lejepa_probe_best.pt,experiments/experiment-c10-r18-lejepa-light-v3-sig-005/logs/eval_lejepa_true_48210516.out,29
experiment-c10-r18-lejepa-light-v3-sig-005,feature_spaces,LAST,RERUN_FEATURE_SPACES_WITH_BEST,experiments/experiment-c10-r18-lejepa-light-v3-sig-005/checkpoints/resnet18_lejepa_backbone_last.pt,experiments/experiment-c10-r18-lejepa-light-v3-sig-005/logs/feature_spaces_lejepa_48210511.out,2
experiment-c10-r18-lejepa-light-v3-sig-005,feature_spaces,LAST,RERUN_FEATURE_SPACES_WITH_BEST,experiments/experiment-c10-r18-lejepa-light-v3-sig-005/checkpoints/resnet18_lejepa_backbone_last.pt,experiments/experiment-c10-r18-lejepa-light-v3-sig-005/logs/feature_spaces_lejepa_48210511.out,5
experiment-c10-r18-lejepa-light-v3-sig-005,representation,BEST,OK,experiments/experiment-c10-r18-lejepa-light-v3-sig-005/checkpoints/resnet18_lejepa_probe_best.pt,experiments/experiment-c10-r18-lejepa-light-v3-sig-005/logs/repr_lejepa_48210509.out,28
experiment-c10-r18-lejepa-light-v3-sig-005,train,LAST,CHECK_AND_PROBABLY_RERUN,experiments/experiment-c10-r18-lejepa-light-v3-sig-005/checkpoints/resnet18_lejepa_backbone_last.pt,experiments/experiment-c10-r18-lejepa-light-v3-sig-005/logs/train_lejepa_48198479.out,442
experiment-c10-r18-lejepa-light-v3-sig-005,train,BEST,OK,experiments/experiment-c10-r18-lejepa-light-v3-sig-005/checkpoints/resnet18_lejepa_backbone_loss_best.pt,experiments/experiment-c10-r18-lejepa-light-v3-sig-005/logs/train_lejepa_48198479.out,444
experiment-c10-r18-lejepa-light-v3-sig-005,train,EPOCH,OK,experiments/experiment-c10-r18-lejepa-light-v3-sig-005/checkpoints/resnet18_lejepa_backbone_epoch_020.pt,experiments/experiment-c10-r18-lejepa-light-v3-sig-005/logs/train_lejepa_48198479.out,446
experiment-c10-r18-lejepa-light-v3-sig-005,train,EPOCH,OK,experiments/experiment-c10-r18-lejepa-light-v3-sig-005/checkpoints/resnet18_lejepa_backbone_epoch_040.pt,experiments/experiment-c10-r18-lejepa-light-v3-sig-005/logs/train_lejepa_48198479.out,448
experiment-c10-r18-lejepa-light-v3-sig-005,train,EPOCH,OK,experiments/experiment-c10-r18-lejepa-light-v3-sig-005/checkpoints/resnet18_lejepa_backbone_epoch_060.pt,experiments/experiment-c10-r18-lejepa-light-v3-sig-005/logs/train_lejepa_48198479.out,450
experiment-c10-r18-lejepa-light-v3-sig-005,train,EPOCH,OK,experiments/experiment-c10-r18-lejepa-light-v3-sig-005/checkpoints/resnet18_lejepa_backbone_epoch_080.pt,experiments/experiment-c10-r18-lejepa-light-v3-sig-005/logs/train_lejepa_48198479.out,452
experiment-c10-r18-lejepa-light-v3-sig-005,train,EPOCH,OK,experiments/experiment-c10-r18-lejepa-light-v3-sig-005/checkpoints/resnet18_lejepa_backbone_epoch_100.pt,experiments/experiment-c10-r18-lejepa-light-v3-sig-005/logs/train_lejepa_48198479.out,454
experiment-c10-r18-lejepa-light-v3-sig-005,train,EPOCH,OK,experiments/experiment-c10-r18-lejepa-light-v3-sig-005/checkpoints/resnet18_lejepa_backbone_epoch_120.pt,experiments/experiment-c10-r18-lejepa-light-v3-sig-005/logs/train_lejepa_48198479.out,456
experiment-c10-r18-lejepa-light-v3-sig-005,train,EPOCH,OK,experiments/experiment-c10-r18-lejepa-light-v3-sig-005/checkpoints/resnet18_lejepa_backbone_epoch_140.pt,experiments/experiment-c10-r18-lejepa-light-v3-sig-005/logs/train_lejepa_48198479.out,458
experiment-c10-r18-lejepa-light-v3-sig-005,train,EPOCH,OK,experiments/experiment-c10-r18-lejepa-light-v3-sig-005/checkpoints/resnet18_lejepa_backbone_epoch_160.pt,experiments/experiment-c10-r18-lejepa-light-v3-sig-005/logs/train_lejepa_48198479.out,460
experiment-c10-r18-lejepa-light-v3-sig-005,train,EPOCH,OK,experiments/experiment-c10-r18-lejepa-light-v3-sig-005/checkpoints/resnet18_lejepa_backbone_epoch_180.pt,experiments/experiment-c10-r18-lejepa-light-v3-sig-005/logs/train_lejepa_48198479.out,462
experiment-c10-r18-lejepa-light-v3-sig-005,train,EPOCH,OK,experiments/experiment-c10-r18-lejepa-light-v3-sig-005/checkpoints/resnet18_lejepa_backbone_epoch_200.pt,experiments/experiment-c10-r18-lejepa-light-v3-sig-005/logs/train_lejepa_48198479.out,464
experiment-c10-r18-lejepa-light-v3-sig-005,train,EPOCH,OK,experiments/experiment-c10-r18-lejepa-light-v3-sig-005/checkpoints/resnet18_lejepa_backbone_epoch_220.pt,experiments/experiment-c10-r18-lejepa-light-v3-sig-005/logs/train_lejepa_48198479.out,466
experiment-c10-r18-lejepa-light-v3-sig-005,train,EPOCH,OK,experiments/experiment-c10-r18-lejepa-light-v3-sig-005/checkpoints/resnet18_lejepa_backbone_epoch_240.pt,experiments/experiment-c10-r18-lejepa-light-v3-sig-005/logs/train_lejepa_48198479.out,468
experiment-c10-r18-lejepa-light-v3-sig-005,train,EPOCH,OK,experiments/experiment-c10-r18-lejepa-light-v3-sig-005/checkpoints/resnet18_lejepa_backbone_epoch_260.pt,experiments/experiment-c10-r18-lejepa-light-v3-sig-005/logs/train_lejepa_48198479.out,470
experiment-c10-r18-lejepa-light-v3-sig-005,train,EPOCH,OK,experiments/experiment-c10-r18-lejepa-light-v3-sig-005/checkpoints/resnet18_lejepa_backbone_epoch_280.pt,experiments/experiment-c10-r18-lejepa-light-v3-sig-005/logs/train_lejepa_48198479.out,472
experiment-c10-r18-lejepa-light-v3-sig-005,train,EPOCH,OK,experiments/experiment-c10-r18-lejepa-light-v3-sig-005/checkpoints/resnet18_lejepa_backbone_epoch_300.pt,experiments/experiment-c10-r18-lejepa-light-v3-sig-005/logs/train_lejepa_48198479.out,474
experiment-c10-r18-lejepa-light-v3-sig-005,train,EPOCH,OK,experiments/experiment-c10-r18-lejepa-light-v3-sig-005/checkpoints/resnet18_lejepa_backbone_epoch_320.pt,experiments/experiment-c10-r18-lejepa-light-v3-sig-005/logs/train_lejepa_48198479.out,476
experiment-c10-r18-lejepa-light-v3-sig-005,train,EPOCH,OK,experiments/experiment-c10-r18-lejepa-light-v3-sig-005/checkpoints/resnet18_lejepa_backbone_epoch_340.pt,experiments/experiment-c10-r18-lejepa-light-v3-sig-005/logs/train_lejepa_48198479.out,478
experiment-c10-r18-lejepa-light-v3-sig-005,train,EPOCH,OK,experiments/experiment-c10-r18-lejepa-light-v3-sig-005/checkpoints/resnet18_lejepa_backbone_epoch_360.pt,experiments/experiment-c10-r18-lejepa-light-v3-sig-005/logs/train_lejepa_48198479.out,480
experiment-c10-r18-lejepa-light-v3-sig-005,train,EPOCH,OK,experiments/experiment-c10-r18-lejepa-light-v3-sig-005/checkpoints/resnet18_lejepa_backbone_epoch_380.pt,experiments/experiment-c10-r18-lejepa-light-v3-sig-005/logs/train_lejepa_48198479.out,482
experiment-c10-r18-lejepa-light-v3-sig-005,train,EPOCH,OK,experiments/experiment-c10-r18-lejepa-light-v3-sig-005/checkpoints/resnet18_lejepa_backbone_epoch_400.pt,experiments/experiment-c10-r18-lejepa-light-v3-sig-005/logs/train_lejepa_48198479.out,484
experiment-c10-r18-lejepa-light-v3-sig-005,train,EPOCH,OK,experiments/experiment-c10-r18-lejepa-light-v3-sig-005/checkpoints/resnet18_lejepa_backbone_epoch_360.pt,experiments/experiment-c10-r18-lejepa-light-v3-sig-005/logs/train_lejepa_48198479.out,487
experiment-c10-r18-lejepa-light-v3-sig-005,train,BEST,OK,experiments/experiment-c10-r18-lejepa-light-v3-sig-005/checkpoints/resnet18_lejepa_backbone_best.pt,experiments/experiment-c10-r18-lejepa-light-v3-sig-005/logs/train_lejepa_48198479.out,490
experiment-c10-r18-lejepa-v3-sigreg-003,lsas_eval,BEST,OK,experiments/experiment-c10-r18-lejepa-v3-sigreg-003/checkpoints/resnet18_lejepa_probe_best.pt,experiments/experiment-c10-r18-lejepa-v3-sigreg-003/logs/eval_lejepa_predicted_48218071.out,29
experiment-c10-r18-lejepa-v3-sigreg-003,lsas_eval,BEST,OK,experiments/experiment-c10-r18-lejepa-v3-sigreg-003/checkpoints/resnet18_lejepa_probe_best.pt,experiments/experiment-c10-r18-lejepa-v3-sigreg-003/logs/eval_lejepa_true_48218073.out,29
experiment-c10-r18-lejepa-v3-sigreg-003,feature_spaces,LAST,RERUN_FEATURE_SPACES_WITH_BEST,experiments/experiment-c10-r18-lejepa-v3-sigreg-003/checkpoints/resnet18_lejepa_backbone_last.pt,experiments/experiment-c10-r18-lejepa-v3-sigreg-003/logs/feature_spaces_lejepa_48218070.out,2
experiment-c10-r18-lejepa-v3-sigreg-003,feature_spaces,LAST,RERUN_FEATURE_SPACES_WITH_BEST,experiments/experiment-c10-r18-lejepa-v3-sigreg-003/checkpoints/resnet18_lejepa_backbone_last.pt,experiments/experiment-c10-r18-lejepa-v3-sigreg-003/logs/feature_spaces_lejepa_48218070.out,5
experiment-c10-r18-lejepa-v3-sigreg-003,representation,BEST,OK,experiments/experiment-c10-r18-lejepa-v3-sigreg-003/checkpoints/resnet18_lejepa_probe_best.pt,experiments/experiment-c10-r18-lejepa-v3-sigreg-003/logs/repr_lejepa_48218067.out,28
experiment-c10-r18-lejepa-v3-sigreg-003,train,LAST,CHECK_AND_PROBABLY_RERUN,experiments/experiment-c10-r18-lejepa-v3-sigreg-003/checkpoints/resnet18_lejepa_backbone_last.pt,experiments/experiment-c10-r18-lejepa-v3-sigreg-003/logs/train_lejepa_48213933.out,442
experiment-c10-r18-lejepa-v3-sigreg-003,train,BEST,OK,experiments/experiment-c10-r18-lejepa-v3-sigreg-003/checkpoints/resnet18_lejepa_backbone_loss_best.pt,experiments/experiment-c10-r18-lejepa-v3-sigreg-003/logs/train_lejepa_48213933.out,444
experiment-c10-r18-lejepa-v3-sigreg-003,train,EPOCH,OK,experiments/experiment-c10-r18-lejepa-v3-sigreg-003/checkpoints/resnet18_lejepa_backbone_epoch_020.pt,experiments/experiment-c10-r18-lejepa-v3-sigreg-003/logs/train_lejepa_48213933.out,446
experiment-c10-r18-lejepa-v3-sigreg-003,train,EPOCH,OK,experiments/experiment-c10-r18-lejepa-v3-sigreg-003/checkpoints/resnet18_lejepa_backbone_epoch_040.pt,experiments/experiment-c10-r18-lejepa-v3-sigreg-003/logs/train_lejepa_48213933.out,448
experiment-c10-r18-lejepa-v3-sigreg-003,train,EPOCH,OK,experiments/experiment-c10-r18-lejepa-v3-sigreg-003/checkpoints/resnet18_lejepa_backbone_epoch_060.pt,experiments/experiment-c10-r18-lejepa-v3-sigreg-003/logs/train_lejepa_48213933.out,450
experiment-c10-r18-lejepa-v3-sigreg-003,train,EPOCH,OK,experiments/experiment-c10-r18-lejepa-v3-sigreg-003/checkpoints/resnet18_lejepa_backbone_epoch_080.pt,experiments/experiment-c10-r18-lejepa-v3-sigreg-003/logs/train_lejepa_48213933.out,452
experiment-c10-r18-lejepa-v3-sigreg-003,train,EPOCH,OK,experiments/experiment-c10-r18-lejepa-v3-sigreg-003/checkpoints/resnet18_lejepa_backbone_epoch_100.pt,experiments/experiment-c10-r18-lejepa-v3-sigreg-003/logs/train_lejepa_48213933.out,454
experiment-c10-r18-lejepa-v3-sigreg-003,train,EPOCH,OK,experiments/experiment-c10-r18-lejepa-v3-sigreg-003/checkpoints/resnet18_lejepa_backbone_epoch_120.pt,experiments/experiment-c10-r18-lejepa-v3-sigreg-003/logs/train_lejepa_48213933.out,456
experiment-c10-r18-lejepa-v3-sigreg-003,train,EPOCH,OK,experiments/experiment-c10-r18-lejepa-v3-sigreg-003/checkpoints/resnet18_lejepa_backbone_epoch_140.pt,experiments/experiment-c10-r18-lejepa-v3-sigreg-003/logs/train_lejepa_48213933.out,458
experiment-c10-r18-lejepa-v3-sigreg-003,train,EPOCH,OK,experiments/experiment-c10-r18-lejepa-v3-sigreg-003/checkpoints/resnet18_lejepa_backbone_epoch_160.pt,experiments/experiment-c10-r18-lejepa-v3-sigreg-003/logs/train_lejepa_48213933.out,460
experiment-c10-r18-lejepa-v3-sigreg-003,train,EPOCH,OK,experiments/experiment-c10-r18-lejepa-v3-sigreg-003/checkpoints/resnet18_lejepa_backbone_epoch_180.pt,experiments/experiment-c10-r18-lejepa-v3-sigreg-003/logs/train_lejepa_48213933.out,462
experiment-c10-r18-lejepa-v3-sigreg-003,train,EPOCH,OK,experiments/experiment-c10-r18-lejepa-v3-sigreg-003/checkpoints/resnet18_lejepa_backbone_epoch_200.pt,experiments/experiment-c10-r18-lejepa-v3-sigreg-003/logs/train_lejepa_48213933.out,464
experiment-c10-r18-lejepa-v3-sigreg-003,train,EPOCH,OK,experiments/experiment-c10-r18-lejepa-v3-sigreg-003/checkpoints/resnet18_lejepa_backbone_epoch_220.pt,experiments/experiment-c10-r18-lejepa-v3-sigreg-003/logs/train_lejepa_48213933.out,466
experiment-c10-r18-lejepa-v3-sigreg-003,train,EPOCH,OK,experiments/experiment-c10-r18-lejepa-v3-sigreg-003/checkpoints/resnet18_lejepa_backbone_epoch_240.pt,experiments/experiment-c10-r18-lejepa-v3-sigreg-003/logs/train_lejepa_48213933.out,468
experiment-c10-r18-lejepa-v3-sigreg-003,train,EPOCH,OK,experiments/experiment-c10-r18-lejepa-v3-sigreg-003/checkpoints/resnet18_lejepa_backbone_epoch_260.pt,experiments/experiment-c10-r18-lejepa-v3-sigreg-003/logs/train_lejepa_48213933.out,470
experiment-c10-r18-lejepa-v3-sigreg-003,train,EPOCH,OK,experiments/experiment-c10-r18-lejepa-v3-sigreg-003/checkpoints/resnet18_lejepa_backbone_epoch_280.pt,experiments/experiment-c10-r18-lejepa-v3-sigreg-003/logs/train_lejepa_48213933.out,472
experiment-c10-r18-lejepa-v3-sigreg-003,train,EPOCH,OK,experiments/experiment-c10-r18-lejepa-v3-sigreg-003/checkpoints/resnet18_lejepa_backbone_epoch_300.pt,experiments/experiment-c10-r18-lejepa-v3-sigreg-003/logs/train_lejepa_48213933.out,474
experiment-c10-r18-lejepa-v3-sigreg-003,train,EPOCH,OK,experiments/experiment-c10-r18-lejepa-v3-sigreg-003/checkpoints/resnet18_lejepa_backbone_epoch_320.pt,experiments/experiment-c10-r18-lejepa-v3-sigreg-003/logs/train_lejepa_48213933.out,476
experiment-c10-r18-lejepa-v3-sigreg-003,train,EPOCH,OK,experiments/experiment-c10-r18-lejepa-v3-sigreg-003/checkpoints/resnet18_lejepa_backbone_epoch_340.pt,experiments/experiment-c10-r18-lejepa-v3-sigreg-003/logs/train_lejepa_48213933.out,478
experiment-c10-r18-lejepa-v3-sigreg-003,train,EPOCH,OK,experiments/experiment-c10-r18-lejepa-v3-sigreg-003/checkpoints/resnet18_lejepa_backbone_epoch_360.pt,experiments/experiment-c10-r18-lejepa-v3-sigreg-003/logs/train_lejepa_48213933.out,480
experiment-c10-r18-lejepa-v3-sigreg-003,train,EPOCH,OK,experiments/experiment-c10-r18-lejepa-v3-sigreg-003/checkpoints/resnet18_lejepa_backbone_epoch_380.pt,experiments/experiment-c10-r18-lejepa-v3-sigreg-003/logs/train_lejepa_48213933.out,482
experiment-c10-r18-lejepa-v3-sigreg-003,train,EPOCH,OK,experiments/experiment-c10-r18-lejepa-v3-sigreg-003/checkpoints/resnet18_lejepa_backbone_epoch_400.pt,experiments/experiment-c10-r18-lejepa-v3-sigreg-003/logs/train_lejepa_48213933.out,484
experiment-c10-r18-lejepa-v3-sigreg-003,train,EPOCH,OK,experiments/experiment-c10-r18-lejepa-v3-sigreg-003/checkpoints/resnet18_lejepa_backbone_epoch_360.pt,experiments/experiment-c10-r18-lejepa-v3-sigreg-003/logs/train_lejepa_48213933.out,487
experiment-c10-r18-lejepa-v3-sigreg-003,train,BEST,OK,experiments/experiment-c10-r18-lejepa-v3-sigreg-003/checkpoints/resnet18_lejepa_backbone_best.pt,experiments/experiment-c10-r18-lejepa-v3-sigreg-003/logs/train_lejepa_48213933.out,490
experiment-c10-r18-lejepa-v4-local-crops,lsas_eval,BEST,OK,experiments/experiment-c10-r18-lejepa-v4-local-crops/checkpoints/resnet18_lejepa_probe_best.pt,experiments/experiment-c10-r18-lejepa-v4-local-crops/logs/eval_lejepa_predicted_48224822.out,29
experiment-c10-r18-lejepa-v4-local-crops,lsas_eval,BEST,OK,experiments/experiment-c10-r18-lejepa-v4-local-crops/checkpoints/resnet18_lejepa_probe_best.pt,experiments/experiment-c10-r18-lejepa-v4-local-crops/logs/eval_lejepa_true_48224825.out,29
experiment-c10-r18-lejepa-v4-local-crops,feature_spaces,LAST,RERUN_FEATURE_SPACES_WITH_BEST,experiments/experiment-c10-r18-lejepa-v4-local-crops/checkpoints/resnet18_lejepa_backbone_last.pt,experiments/experiment-c10-r18-lejepa-v4-local-crops/logs/feature_spaces_lejepa_48224820.out,2
experiment-c10-r18-lejepa-v4-local-crops,feature_spaces,LAST,RERUN_FEATURE_SPACES_WITH_BEST,experiments/experiment-c10-r18-lejepa-v4-local-crops/checkpoints/resnet18_lejepa_backbone_last.pt,experiments/experiment-c10-r18-lejepa-v4-local-crops/logs/feature_spaces_lejepa_48224820.out,5
experiment-c10-r18-lejepa-v4-local-crops,representation,BEST,OK,experiments/experiment-c10-r18-lejepa-v4-local-crops/checkpoints/resnet18_lejepa_probe_best.pt,experiments/experiment-c10-r18-lejepa-v4-local-crops/logs/repr_lejepa_48224816.out,28
experiment-c10-r18-lejepa-v4-local-crops,train,LAST,CHECK_AND_PROBABLY_RERUN,experiments/experiment-c10-r18-lejepa-v4-local-crops/checkpoints/resnet18_lejepa_backbone_last.pt,experiments/experiment-c10-r18-lejepa-v4-local-crops/logs/train_lejepa_48213939.out,442
experiment-c10-r18-lejepa-v4-local-crops,train,BEST,OK,experiments/experiment-c10-r18-lejepa-v4-local-crops/checkpoints/resnet18_lejepa_backbone_loss_best.pt,experiments/experiment-c10-r18-lejepa-v4-local-crops/logs/train_lejepa_48213939.out,444
experiment-c10-r18-lejepa-v4-local-crops,train,EPOCH,OK,experiments/experiment-c10-r18-lejepa-v4-local-crops/checkpoints/resnet18_lejepa_backbone_epoch_020.pt,experiments/experiment-c10-r18-lejepa-v4-local-crops/logs/train_lejepa_48213939.out,446
experiment-c10-r18-lejepa-v4-local-crops,train,EPOCH,OK,experiments/experiment-c10-r18-lejepa-v4-local-crops/checkpoints/resnet18_lejepa_backbone_epoch_040.pt,experiments/experiment-c10-r18-lejepa-v4-local-crops/logs/train_lejepa_48213939.out,448
experiment-c10-r18-lejepa-v4-local-crops,train,EPOCH,OK,experiments/experiment-c10-r18-lejepa-v4-local-crops/checkpoints/resnet18_lejepa_backbone_epoch_060.pt,experiments/experiment-c10-r18-lejepa-v4-local-crops/logs/train_lejepa_48213939.out,450
experiment-c10-r18-lejepa-v4-local-crops,train,EPOCH,OK,experiments/experiment-c10-r18-lejepa-v4-local-crops/checkpoints/resnet18_lejepa_backbone_epoch_080.pt,experiments/experiment-c10-r18-lejepa-v4-local-crops/logs/train_lejepa_48213939.out,452
experiment-c10-r18-lejepa-v4-local-crops,train,EPOCH,OK,experiments/experiment-c10-r18-lejepa-v4-local-crops/checkpoints/resnet18_lejepa_backbone_epoch_100.pt,experiments/experiment-c10-r18-lejepa-v4-local-crops/logs/train_lejepa_48213939.out,454
experiment-c10-r18-lejepa-v4-local-crops,train,EPOCH,OK,experiments/experiment-c10-r18-lejepa-v4-local-crops/checkpoints/resnet18_lejepa_backbone_epoch_120.pt,experiments/experiment-c10-r18-lejepa-v4-local-crops/logs/train_lejepa_48213939.out,456
experiment-c10-r18-lejepa-v4-local-crops,train,EPOCH,OK,experiments/experiment-c10-r18-lejepa-v4-local-crops/checkpoints/resnet18_lejepa_backbone_epoch_140.pt,experiments/experiment-c10-r18-lejepa-v4-local-crops/logs/train_lejepa_48213939.out,458
experiment-c10-r18-lejepa-v4-local-crops,train,EPOCH,OK,experiments/experiment-c10-r18-lejepa-v4-local-crops/checkpoints/resnet18_lejepa_backbone_epoch_160.pt,experiments/experiment-c10-r18-lejepa-v4-local-crops/logs/train_lejepa_48213939.out,460
experiment-c10-r18-lejepa-v4-local-crops,train,EPOCH,OK,experiments/experiment-c10-r18-lejepa-v4-local-crops/checkpoints/resnet18_lejepa_backbone_epoch_180.pt,experiments/experiment-c10-r18-lejepa-v4-local-crops/logs/train_lejepa_48213939.out,462
experiment-c10-r18-lejepa-v4-local-crops,train,EPOCH,OK,experiments/experiment-c10-r18-lejepa-v4-local-crops/checkpoints/resnet18_lejepa_backbone_epoch_200.pt,experiments/experiment-c10-r18-lejepa-v4-local-crops/logs/train_lejepa_48213939.out,464
experiment-c10-r18-lejepa-v4-local-crops,train,EPOCH,OK,experiments/experiment-c10-r18-lejepa-v4-local-crops/checkpoints/resnet18_lejepa_backbone_epoch_220.pt,experiments/experiment-c10-r18-lejepa-v4-local-crops/logs/train_lejepa_48213939.out,466
experiment-c10-r18-lejepa-v4-local-crops,train,EPOCH,OK,experiments/experiment-c10-r18-lejepa-v4-local-crops/checkpoints/resnet18_lejepa_backbone_epoch_240.pt,experiments/experiment-c10-r18-lejepa-v4-local-crops/logs/train_lejepa_48213939.out,468
experiment-c10-r18-lejepa-v4-local-crops,train,EPOCH,OK,experiments/experiment-c10-r18-lejepa-v4-local-crops/checkpoints/resnet18_lejepa_backbone_epoch_260.pt,experiments/experiment-c10-r18-lejepa-v4-local-crops/logs/train_lejepa_48213939.out,470
experiment-c10-r18-lejepa-v4-local-crops,train,EPOCH,OK,experiments/experiment-c10-r18-lejepa-v4-local-crops/checkpoints/resnet18_lejepa_backbone_epoch_280.pt,experiments/experiment-c10-r18-lejepa-v4-local-crops/logs/train_lejepa_48213939.out,472
experiment-c10-r18-lejepa-v4-local-crops,train,EPOCH,OK,experiments/experiment-c10-r18-lejepa-v4-local-crops/checkpoints/resnet18_lejepa_backbone_epoch_300.pt,experiments/experiment-c10-r18-lejepa-v4-local-crops/logs/train_lejepa_48213939.out,474
experiment-c10-r18-lejepa-v4-local-crops,train,EPOCH,OK,experiments/experiment-c10-r18-lejepa-v4-local-crops/checkpoints/resnet18_lejepa_backbone_epoch_320.pt,experiments/experiment-c10-r18-lejepa-v4-local-crops/logs/train_lejepa_48213939.out,476
experiment-c10-r18-lejepa-v4-local-crops,train,EPOCH,OK,experiments/experiment-c10-r18-lejepa-v4-local-crops/checkpoints/resnet18_lejepa_backbone_epoch_340.pt,experiments/experiment-c10-r18-lejepa-v4-local-crops/logs/train_lejepa_48213939.out,478
experiment-c10-r18-lejepa-v4-local-crops,train,EPOCH,OK,experiments/experiment-c10-r18-lejepa-v4-local-crops/checkpoints/resnet18_lejepa_backbone_epoch_360.pt,experiments/experiment-c10-r18-lejepa-v4-local-crops/logs/train_lejepa_48213939.out,480
experiment-c10-r18-lejepa-v4-local-crops,train,EPOCH,OK,experiments/experiment-c10-r18-lejepa-v4-local-crops/checkpoints/resnet18_lejepa_backbone_epoch_380.pt,experiments/experiment-c10-r18-lejepa-v4-local-crops/logs/train_lejepa_48213939.out,482
experiment-c10-r18-lejepa-v4-local-crops,train,EPOCH,OK,experiments/experiment-c10-r18-lejepa-v4-local-crops/checkpoints/resnet18_lejepa_backbone_epoch_400.pt,experiments/experiment-c10-r18-lejepa-v4-local-crops/logs/train_lejepa_48213939.out,484
experiment-c10-r18-lejepa-v4-local-crops,train,LAST,CHECK_AND_PROBABLY_RERUN,experiments/experiment-c10-r18-lejepa-v4-local-crops/checkpoints/resnet18_lejepa_backbone_last.pt,experiments/experiment-c10-r18-lejepa-v4-local-crops/logs/train_lejepa_48213939.out,487
experiment-c10-r18-lejepa-v4-local-crops,train,BEST,OK,experiments/experiment-c10-r18-lejepa-v4-local-crops/checkpoints/resnet18_lejepa_backbone_best.pt,experiments/experiment-c10-r18-lejepa-v4-local-crops/logs/train_lejepa_48213939.out,490
experiment-c10-r18-lejepa-v4-proj-512,lsas_eval,BEST,OK,experiments/experiment-c10-r18-lejepa-v4-proj-512/checkpoints/resnet18_lejepa_probe_best.pt,experiments/experiment-c10-r18-lejepa-v4-proj-512/logs/eval_lejepa_predicted_48218089.out,29
experiment-c10-r18-lejepa-v4-proj-512,lsas_eval,BEST,OK,experiments/experiment-c10-r18-lejepa-v4-proj-512/checkpoints/resnet18_lejepa_probe_best.pt,experiments/experiment-c10-r18-lejepa-v4-proj-512/logs/eval_lejepa_true_48218092.out,29
experiment-c10-r18-lejepa-v4-proj-512,feature_spaces,LAST,RERUN_FEATURE_SPACES_WITH_BEST,experiments/experiment-c10-r18-lejepa-v4-proj-512/checkpoints/resnet18_lejepa_backbone_last.pt,experiments/experiment-c10-r18-lejepa-v4-proj-512/logs/feature_spaces_lejepa_48218085.out,2
experiment-c10-r18-lejepa-v4-proj-512,feature_spaces,LAST,RERUN_FEATURE_SPACES_WITH_BEST,experiments/experiment-c10-r18-lejepa-v4-proj-512/checkpoints/resnet18_lejepa_backbone_last.pt,experiments/experiment-c10-r18-lejepa-v4-proj-512/logs/feature_spaces_lejepa_48218085.out,5
experiment-c10-r18-lejepa-v4-proj-512,representation,BEST,OK,experiments/experiment-c10-r18-lejepa-v4-proj-512/checkpoints/resnet18_lejepa_probe_best.pt,experiments/experiment-c10-r18-lejepa-v4-proj-512/logs/repr_lejepa_48218077.out,28
experiment-c10-r18-lejepa-v4-proj-512,train,LAST,CHECK_AND_PROBABLY_RERUN,experiments/experiment-c10-r18-lejepa-v4-proj-512/checkpoints/resnet18_lejepa_backbone_last.pt,experiments/experiment-c10-r18-lejepa-v4-proj-512/logs/train_lejepa_48213936.out,442
experiment-c10-r18-lejepa-v4-proj-512,train,BEST,OK,experiments/experiment-c10-r18-lejepa-v4-proj-512/checkpoints/resnet18_lejepa_backbone_loss_best.pt,experiments/experiment-c10-r18-lejepa-v4-proj-512/logs/train_lejepa_48213936.out,444
experiment-c10-r18-lejepa-v4-proj-512,train,EPOCH,OK,experiments/experiment-c10-r18-lejepa-v4-proj-512/checkpoints/resnet18_lejepa_backbone_epoch_020.pt,experiments/experiment-c10-r18-lejepa-v4-proj-512/logs/train_lejepa_48213936.out,446
experiment-c10-r18-lejepa-v4-proj-512,train,EPOCH,OK,experiments/experiment-c10-r18-lejepa-v4-proj-512/checkpoints/resnet18_lejepa_backbone_epoch_040.pt,experiments/experiment-c10-r18-lejepa-v4-proj-512/logs/train_lejepa_48213936.out,448
experiment-c10-r18-lejepa-v4-proj-512,train,EPOCH,OK,experiments/experiment-c10-r18-lejepa-v4-proj-512/checkpoints/resnet18_lejepa_backbone_epoch_060.pt,experiments/experiment-c10-r18-lejepa-v4-proj-512/logs/train_lejepa_48213936.out,450
experiment-c10-r18-lejepa-v4-proj-512,train,EPOCH,OK,experiments/experiment-c10-r18-lejepa-v4-proj-512/checkpoints/resnet18_lejepa_backbone_epoch_080.pt,experiments/experiment-c10-r18-lejepa-v4-proj-512/logs/train_lejepa_48213936.out,452
experiment-c10-r18-lejepa-v4-proj-512,train,EPOCH,OK,experiments/experiment-c10-r18-lejepa-v4-proj-512/checkpoints/resnet18_lejepa_backbone_epoch_100.pt,experiments/experiment-c10-r18-lejepa-v4-proj-512/logs/train_lejepa_48213936.out,454
experiment-c10-r18-lejepa-v4-proj-512,train,EPOCH,OK,experiments/experiment-c10-r18-lejepa-v4-proj-512/checkpoints/resnet18_lejepa_backbone_epoch_120.pt,experiments/experiment-c10-r18-lejepa-v4-proj-512/logs/train_lejepa_48213936.out,456
experiment-c10-r18-lejepa-v4-proj-512,train,EPOCH,OK,experiments/experiment-c10-r18-lejepa-v4-proj-512/checkpoints/resnet18_lejepa_backbone_epoch_140.pt,experiments/experiment-c10-r18-lejepa-v4-proj-512/logs/train_lejepa_48213936.out,458
experiment-c10-r18-lejepa-v4-proj-512,train,EPOCH,OK,experiments/experiment-c10-r18-lejepa-v4-proj-512/checkpoints/resnet18_lejepa_backbone_epoch_160.pt,experiments/experiment-c10-r18-lejepa-v4-proj-512/logs/train_lejepa_48213936.out,460
experiment-c10-r18-lejepa-v4-proj-512,train,EPOCH,OK,experiments/experiment-c10-r18-lejepa-v4-proj-512/checkpoints/resnet18_lejepa_backbone_epoch_180.pt,experiments/experiment-c10-r18-lejepa-v4-proj-512/logs/train_lejepa_48213936.out,462
experiment-c10-r18-lejepa-v4-proj-512,train,EPOCH,OK,experiments/experiment-c10-r18-lejepa-v4-proj-512/checkpoints/resnet18_lejepa_backbone_epoch_200.pt,experiments/experiment-c10-r18-lejepa-v4-proj-512/logs/train_lejepa_48213936.out,464
experiment-c10-r18-lejepa-v4-proj-512,train,EPOCH,OK,experiments/experiment-c10-r18-lejepa-v4-proj-512/checkpoints/resnet18_lejepa_backbone_epoch_220.pt,experiments/experiment-c10-r18-lejepa-v4-proj-512/logs/train_lejepa_48213936.out,466
experiment-c10-r18-lejepa-v4-proj-512,train,EPOCH,OK,experiments/experiment-c10-r18-lejepa-v4-proj-512/checkpoints/resnet18_lejepa_backbone_epoch_240.pt,experiments/experiment-c10-r18-lejepa-v4-proj-512/logs/train_lejepa_48213936.out,468
experiment-c10-r18-lejepa-v4-proj-512,train,EPOCH,OK,experiments/experiment-c10-r18-lejepa-v4-proj-512/checkpoints/resnet18_lejepa_backbone_epoch_260.pt,experiments/experiment-c10-r18-lejepa-v4-proj-512/logs/train_lejepa_48213936.out,470
experiment-c10-r18-lejepa-v4-proj-512,train,EPOCH,OK,experiments/experiment-c10-r18-lejepa-v4-proj-512/checkpoints/resnet18_lejepa_backbone_epoch_280.pt,experiments/experiment-c10-r18-lejepa-v4-proj-512/logs/train_lejepa_48213936.out,472
experiment-c10-r18-lejepa-v4-proj-512,train,EPOCH,OK,experiments/experiment-c10-r18-lejepa-v4-proj-512/checkpoints/resnet18_lejepa_backbone_epoch_300.pt,experiments/experiment-c10-r18-lejepa-v4-proj-512/logs/train_lejepa_48213936.out,474
experiment-c10-r18-lejepa-v4-proj-512,train,EPOCH,OK,experiments/experiment-c10-r18-lejepa-v4-proj-512/checkpoints/resnet18_lejepa_backbone_epoch_320.pt,experiments/experiment-c10-r18-lejepa-v4-proj-512/logs/train_lejepa_48213936.out,476
experiment-c10-r18-lejepa-v4-proj-512,train,EPOCH,OK,experiments/experiment-c10-r18-lejepa-v4-proj-512/checkpoints/resnet18_lejepa_backbone_epoch_340.pt,experiments/experiment-c10-r18-lejepa-v4-proj-512/logs/train_lejepa_48213936.out,478
experiment-c10-r18-lejepa-v4-proj-512,train,EPOCH,OK,experiments/experiment-c10-r18-lejepa-v4-proj-512/checkpoints/resnet18_lejepa_backbone_epoch_360.pt,experiments/experiment-c10-r18-lejepa-v4-proj-512/logs/train_lejepa_48213936.out,480
experiment-c10-r18-lejepa-v4-proj-512,train,EPOCH,OK,experiments/experiment-c10-r18-lejepa-v4-proj-512/checkpoints/resnet18_lejepa_backbone_epoch_380.pt,experiments/experiment-c10-r18-lejepa-v4-proj-512/logs/train_lejepa_48213936.out,482
experiment-c10-r18-lejepa-v4-proj-512,train,EPOCH,OK,experiments/experiment-c10-r18-lejepa-v4-proj-512/checkpoints/resnet18_lejepa_backbone_epoch_400.pt,experiments/experiment-c10-r18-lejepa-v4-proj-512/logs/train_lejepa_48213936.out,484
experiment-c10-r18-lejepa-v4-proj-512,train,BEST,OK,experiments/experiment-c10-r18-lejepa-v4-proj-512/checkpoints/resnet18_lejepa_backbone_loss_best.pt,experiments/experiment-c10-r18-lejepa-v4-proj-512/logs/train_lejepa_48213936.out,487
experiment-c10-r18-lejepa-v4-proj-512,train,BEST,OK,experiments/experiment-c10-r18-lejepa-v4-proj-512/checkpoints/resnet18_lejepa_backbone_best.pt,experiments/experiment-c10-r18-lejepa-v4-proj-512/logs/train_lejepa_48213936.out,490
experiment-c10-r18-lejepa-v5-sigreg-002,lsas_eval,BEST,OK,experiments/experiment-c10-r18-lejepa-v5-sigreg-002/checkpoints/resnet18_lejepa_probe_best.pt,experiments/experiment-c10-r18-lejepa-v5-sigreg-002/logs/eval_lejepa_predicted_48275931.out,29
experiment-c10-r18-lejepa-v5-sigreg-002,lsas_eval,BEST,OK,experiments/experiment-c10-r18-lejepa-v5-sigreg-002/checkpoints/resnet18_lejepa_probe_best.pt,experiments/experiment-c10-r18-lejepa-v5-sigreg-002/logs/eval_lejepa_true_48275960.out,29
experiment-c10-r18-lejepa-v5-sigreg-002,feature_spaces,LAST,RERUN_FEATURE_SPACES_WITH_BEST,experiments/experiment-c10-r18-lejepa-v5-sigreg-002/checkpoints/resnet18_lejepa_backbone_last.pt,experiments/experiment-c10-r18-lejepa-v5-sigreg-002/logs/feature_spaces_lejepa_48276053.out,2
experiment-c10-r18-lejepa-v5-sigreg-002,feature_spaces,LAST,RERUN_FEATURE_SPACES_WITH_BEST,experiments/experiment-c10-r18-lejepa-v5-sigreg-002/checkpoints/resnet18_lejepa_backbone_last.pt,experiments/experiment-c10-r18-lejepa-v5-sigreg-002/logs/feature_spaces_lejepa_48276053.out,5
experiment-c10-r18-lejepa-v5-sigreg-002,representation,BEST,OK,experiments/experiment-c10-r18-lejepa-v5-sigreg-002/checkpoints/resnet18_lejepa_probe_best.pt,experiments/experiment-c10-r18-lejepa-v5-sigreg-002/logs/repr_lejepa_48275895.out,28
experiment-c10-r18-lejepa-v5-sigreg-002,train,LAST,CHECK_AND_PROBABLY_RERUN,experiments/experiment-c10-r18-lejepa-v5-sigreg-002/checkpoints/resnet18_lejepa_backbone_last.pt,experiments/experiment-c10-r18-lejepa-v5-sigreg-002/logs/train_lejepa_48265189.out,442
experiment-c10-r18-lejepa-v5-sigreg-002,train,BEST,OK,experiments/experiment-c10-r18-lejepa-v5-sigreg-002/checkpoints/resnet18_lejepa_backbone_loss_best.pt,experiments/experiment-c10-r18-lejepa-v5-sigreg-002/logs/train_lejepa_48265189.out,444
experiment-c10-r18-lejepa-v5-sigreg-002,train,EPOCH,OK,experiments/experiment-c10-r18-lejepa-v5-sigreg-002/checkpoints/resnet18_lejepa_backbone_epoch_020.pt,experiments/experiment-c10-r18-lejepa-v5-sigreg-002/logs/train_lejepa_48265189.out,446
experiment-c10-r18-lejepa-v5-sigreg-002,train,EPOCH,OK,experiments/experiment-c10-r18-lejepa-v5-sigreg-002/checkpoints/resnet18_lejepa_backbone_epoch_040.pt,experiments/experiment-c10-r18-lejepa-v5-sigreg-002/logs/train_lejepa_48265189.out,448
experiment-c10-r18-lejepa-v5-sigreg-002,train,EPOCH,OK,experiments/experiment-c10-r18-lejepa-v5-sigreg-002/checkpoints/resnet18_lejepa_backbone_epoch_060.pt,experiments/experiment-c10-r18-lejepa-v5-sigreg-002/logs/train_lejepa_48265189.out,450
experiment-c10-r18-lejepa-v5-sigreg-002,train,EPOCH,OK,experiments/experiment-c10-r18-lejepa-v5-sigreg-002/checkpoints/resnet18_lejepa_backbone_epoch_080.pt,experiments/experiment-c10-r18-lejepa-v5-sigreg-002/logs/train_lejepa_48265189.out,452
experiment-c10-r18-lejepa-v5-sigreg-002,train,EPOCH,OK,experiments/experiment-c10-r18-lejepa-v5-sigreg-002/checkpoints/resnet18_lejepa_backbone_epoch_100.pt,experiments/experiment-c10-r18-lejepa-v5-sigreg-002/logs/train_lejepa_48265189.out,454
experiment-c10-r18-lejepa-v5-sigreg-002,train,EPOCH,OK,experiments/experiment-c10-r18-lejepa-v5-sigreg-002/checkpoints/resnet18_lejepa_backbone_epoch_120.pt,experiments/experiment-c10-r18-lejepa-v5-sigreg-002/logs/train_lejepa_48265189.out,456
experiment-c10-r18-lejepa-v5-sigreg-002,train,EPOCH,OK,experiments/experiment-c10-r18-lejepa-v5-sigreg-002/checkpoints/resnet18_lejepa_backbone_epoch_140.pt,experiments/experiment-c10-r18-lejepa-v5-sigreg-002/logs/train_lejepa_48265189.out,458
experiment-c10-r18-lejepa-v5-sigreg-002,train,EPOCH,OK,experiments/experiment-c10-r18-lejepa-v5-sigreg-002/checkpoints/resnet18_lejepa_backbone_epoch_160.pt,experiments/experiment-c10-r18-lejepa-v5-sigreg-002/logs/train_lejepa_48265189.out,460
experiment-c10-r18-lejepa-v5-sigreg-002,train,EPOCH,OK,experiments/experiment-c10-r18-lejepa-v5-sigreg-002/checkpoints/resnet18_lejepa_backbone_epoch_180.pt,experiments/experiment-c10-r18-lejepa-v5-sigreg-002/logs/train_lejepa_48265189.out,462
experiment-c10-r18-lejepa-v5-sigreg-002,train,EPOCH,OK,experiments/experiment-c10-r18-lejepa-v5-sigreg-002/checkpoints/resnet18_lejepa_backbone_epoch_200.pt,experiments/experiment-c10-r18-lejepa-v5-sigreg-002/logs/train_lejepa_48265189.out,464
experiment-c10-r18-lejepa-v5-sigreg-002,train,EPOCH,OK,experiments/experiment-c10-r18-lejepa-v5-sigreg-002/checkpoints/resnet18_lejepa_backbone_epoch_220.pt,experiments/experiment-c10-r18-lejepa-v5-sigreg-002/logs/train_lejepa_48265189.out,466
experiment-c10-r18-lejepa-v5-sigreg-002,train,EPOCH,OK,experiments/experiment-c10-r18-lejepa-v5-sigreg-002/checkpoints/resnet18_lejepa_backbone_epoch_240.pt,experiments/experiment-c10-r18-lejepa-v5-sigreg-002/logs/train_lejepa_48265189.out,468
experiment-c10-r18-lejepa-v5-sigreg-002,train,EPOCH,OK,experiments/experiment-c10-r18-lejepa-v5-sigreg-002/checkpoints/resnet18_lejepa_backbone_epoch_260.pt,experiments/experiment-c10-r18-lejepa-v5-sigreg-002/logs/train_lejepa_48265189.out,470
experiment-c10-r18-lejepa-v5-sigreg-002,train,EPOCH,OK,experiments/experiment-c10-r18-lejepa-v5-sigreg-002/checkpoints/resnet18_lejepa_backbone_epoch_280.pt,experiments/experiment-c10-r18-lejepa-v5-sigreg-002/logs/train_lejepa_48265189.out,472
experiment-c10-r18-lejepa-v5-sigreg-002,train,EPOCH,OK,experiments/experiment-c10-r18-lejepa-v5-sigreg-002/checkpoints/resnet18_lejepa_backbone_epoch_300.pt,experiments/experiment-c10-r18-lejepa-v5-sigreg-002/logs/train_lejepa_48265189.out,474
experiment-c10-r18-lejepa-v5-sigreg-002,train,EPOCH,OK,experiments/experiment-c10-r18-lejepa-v5-sigreg-002/checkpoints/resnet18_lejepa_backbone_epoch_320.pt,experiments/experiment-c10-r18-lejepa-v5-sigreg-002/logs/train_lejepa_48265189.out,476
experiment-c10-r18-lejepa-v5-sigreg-002,train,EPOCH,OK,experiments/experiment-c10-r18-lejepa-v5-sigreg-002/checkpoints/resnet18_lejepa_backbone_epoch_340.pt,experiments/experiment-c10-r18-lejepa-v5-sigreg-002/logs/train_lejepa_48265189.out,478
experiment-c10-r18-lejepa-v5-sigreg-002,train,EPOCH,OK,experiments/experiment-c10-r18-lejepa-v5-sigreg-002/checkpoints/resnet18_lejepa_backbone_epoch_360.pt,experiments/experiment-c10-r18-lejepa-v5-sigreg-002/logs/train_lejepa_48265189.out,480
experiment-c10-r18-lejepa-v5-sigreg-002,train,EPOCH,OK,experiments/experiment-c10-r18-lejepa-v5-sigreg-002/checkpoints/resnet18_lejepa_backbone_epoch_380.pt,experiments/experiment-c10-r18-lejepa-v5-sigreg-002/logs/train_lejepa_48265189.out,482
experiment-c10-r18-lejepa-v5-sigreg-002,train,EPOCH,OK,experiments/experiment-c10-r18-lejepa-v5-sigreg-002/checkpoints/resnet18_lejepa_backbone_epoch_400.pt,experiments/experiment-c10-r18-lejepa-v5-sigreg-002/logs/train_lejepa_48265189.out,484
experiment-c10-r18-lejepa-v5-sigreg-002,train,LAST,CHECK_AND_PROBABLY_RERUN,experiments/experiment-c10-r18-lejepa-v5-sigreg-002/checkpoints/resnet18_lejepa_backbone_last.pt,experiments/experiment-c10-r18-lejepa-v5-sigreg-002/logs/train_lejepa_48265189.out,487
experiment-c10-r18-lejepa-v5-sigreg-002,train,BEST,OK,experiments/experiment-c10-r18-lejepa-v5-sigreg-002/checkpoints/resnet18_lejepa_backbone_best.pt,experiments/experiment-c10-r18-lejepa-v5-sigreg-002/logs/train_lejepa_48265189.out,490
experiment-c10-r18-sup,lsas_eval,BEST,OK,experiments/experiment-c10-r18-sup/checkpoints/resnet18_supervised_best.pt,experiments/experiment-c10-r18-sup/logs/eval_supervised_predicted_48079449.out,29
experiment-c10-r18-sup,lsas_eval,BEST,OK,experiments/experiment-c10-r18-sup/checkpoints/resnet18_supervised_best.pt,experiments/experiment-c10-r18-sup/logs/eval_supervised_true_48079452.out,29
experiment-c10-r18-sup,representation,BEST,OK,experiments/experiment-c10-r18-sup/checkpoints/resnet18_supervised_best.pt,experiments/experiment-c10-r18-sup/logs/repr_supervised_48079444.out,28
experiment-c10-vit-lejepa,lsas_eval,BEST,OK,experiments/experiment-c10-vit-lejepa/checkpoints/vit_lejepa_probe_best.pt,experiments/experiment-c10-vit-lejepa/logs/eval_vit_lejepa_predicted_48096167.out,29
experiment-c10-vit-lejepa,lsas_eval,BEST,OK,experiments/experiment-c10-vit-lejepa/checkpoints/vit_lejepa_probe_best.pt,experiments/experiment-c10-vit-lejepa/logs/eval_vit_lejepa_predicted_48097927.out,29
experiment-c10-vit-lejepa,lsas_eval,BEST,OK,experiments/experiment-c10-vit-lejepa/checkpoints/vit_lejepa_probe_best.pt,experiments/experiment-c10-vit-lejepa/logs/eval_vit_lejepa_predicted_48098549.out,29
experiment-c10-vit-lejepa,lsas_eval,BEST,OK,experiments/experiment-c10-vit-lejepa/checkpoints/vit_lejepa_probe_best.pt,experiments/experiment-c10-vit-lejepa/logs/eval_vit_lejepa_true_48096176.out,29
experiment-c10-vit-lejepa,lsas_eval,BEST,OK,experiments/experiment-c10-vit-lejepa/checkpoints/vit_lejepa_probe_best.pt,experiments/experiment-c10-vit-lejepa/logs/eval_vit_lejepa_true_48097932.out,29
experiment-c10-vit-lejepa,lsas_eval,BEST,OK,experiments/experiment-c10-vit-lejepa/checkpoints/vit_lejepa_probe_best.pt,experiments/experiment-c10-vit-lejepa/logs/eval_vit_lejepa_true_48098552.out,29
experiment-c10-vit-lejepa,feature_spaces,LAST,RERUN_FEATURE_SPACES_WITH_BEST,'outputs/checkpoints/vit_lejepa_backbone_last.pt,experiments/experiment-c10-vit-lejepa/logs/feature_spaces_vit_lejepa_48106185.err,24
experiment-c10-vit-lejepa,feature_spaces,LAST,RERUN_FEATURE_SPACES_WITH_BEST,outputs/checkpoints/vit_lejepa_backbone_last.pt,experiments/experiment-c10-vit-lejepa/logs/feature_spaces_vit_lejepa_48106185.out,3
experiment-c10-vit-lejepa,feature_spaces,LAST,RERUN_FEATURE_SPACES_WITH_BEST,'outputs/checkpoints/vit_lejepa_backbone_last.pt,experiments/experiment-c10-vit-lejepa/logs/feature_spaces_vit_lejepa_48107095.err,24
experiment-c10-vit-lejepa,feature_spaces,LAST,RERUN_FEATURE_SPACES_WITH_BEST,outputs/checkpoints/vit_lejepa_backbone_last.pt,experiments/experiment-c10-vit-lejepa/logs/feature_spaces_vit_lejepa_48107095.out,3
experiment-c10-vit-lejepa,representation,BEST,OK,experiments/experiment-c10-vit-lejepa/checkpoints/vit_lejepa_probe_best.pt,experiments/experiment-c10-vit-lejepa/logs/repr_vit_lejepa_48096138.out,28
experiment-c10-vit-lejepa-light-config,lsas_eval,BEST,OK,experiments/experiment-c10-vit-lejepa-light-config/checkpoints/vit_lejepa_probe_best.pt,experiments/experiment-c10-vit-lejepa-light-config/logs/eval_lejepa_predicted_48181793.out,29
experiment-c10-vit-lejepa-light-config,lsas_eval,BEST,OK,experiments/experiment-c10-vit-lejepa-light-config/checkpoints/vit_lejepa_probe_best.pt,experiments/experiment-c10-vit-lejepa-light-config/logs/eval_lejepa_true_48181795.out,29
experiment-c10-vit-lejepa-light-config,lsas_eval,BEST,OK,experiments/experiment-c10-vit-lejepa-light-config/checkpoints/vit_lejepa_probe_best.pt,experiments/experiment-c10-vit-lejepa-light-config/logs/eval_vit_lejepa_predicted_48184364.out,29
experiment-c10-vit-lejepa-light-config,lsas_eval,BEST,OK,experiments/experiment-c10-vit-lejepa-light-config/checkpoints/vit_lejepa_probe_best.pt,experiments/experiment-c10-vit-lejepa-light-config/logs/eval_vit_lejepa_true_48184374.out,29
experiment-c10-vit-lejepa-light-config,feature_spaces,LAST,RERUN_FEATURE_SPACES_WITH_BEST,'outputs/checkpoints/vit_lejepa_backbone_last.pt,experiments/experiment-c10-vit-lejepa-light-config/logs/feature_spaces_vit_lejepa_48192679.err,24
experiment-c10-vit-lejepa-light-config,feature_spaces,LAST,RERUN_FEATURE_SPACES_WITH_BEST,outputs/checkpoints/vit_lejepa_backbone_last.pt,experiments/experiment-c10-vit-lejepa-light-config/logs/feature_spaces_vit_lejepa_48192679.out,6
experiment-c10-vit-lejepa-light-config,feature_spaces,LAST,RERUN_FEATURE_SPACES_WITH_BEST,experiments/experiment-c10-vit-lejepa-light-config/checkpoints/vit_lejepa_backbone_last.pt,experiments/experiment-c10-vit-lejepa-light-config/logs/feature_spaces_vit_lejepa_48193158.out,4
experiment-c10-vit-lejepa-light-config,feature_spaces,LAST,RERUN_FEATURE_SPACES_WITH_BEST,experiments/experiment-c10-vit-lejepa-light-config/checkpoints/vit_lejepa_backbone_last.pt,experiments/experiment-c10-vit-lejepa-light-config/logs/feature_spaces_vit_lejepa_48193158.out,7
experiment-c10-vit-lejepa-light-config,representation,BEST,OK,experiments/experiment-c10-vit-lejepa-light-config/checkpoints/vit_lejepa_probe_best.pt,experiments/experiment-c10-vit-lejepa-light-config/logs/repr_lejepa_48181790.out,28
experiment-c10-vit-lejepa-light-config,representation,BEST,OK,experiments/experiment-c10-vit-lejepa-light-config/checkpoints/vit_lejepa_probe_best.pt,experiments/experiment-c10-vit-lejepa-light-config/logs/repr_vit_lejepa_48184361.out,28
experiment-c10-vit-lejepa-light-v3,lsas_eval,BEST,OK,experiments/experiment-c10-vit-lejepa-light-v3/checkpoints/vit_lejepa_probe_best.pt,experiments/experiment-c10-vit-lejepa-light-v3/logs/eval_vit_lejepa_predicted_48210554.out,29
experiment-c10-vit-lejepa-light-v3,lsas_eval,BEST,OK,experiments/experiment-c10-vit-lejepa-light-v3/checkpoints/vit_lejepa_probe_best.pt,experiments/experiment-c10-vit-lejepa-light-v3/logs/eval_vit_lejepa_true_48210559.out,29
experiment-c10-vit-lejepa-light-v3,feature_spaces,LAST,RERUN_FEATURE_SPACES_WITH_BEST,experiments/experiment-c10-vit-lejepa-light-v3/checkpoints/vit_lejepa_backbone_last.pt,experiments/experiment-c10-vit-lejepa-light-v3/logs/feature_spaces_vit_lejepa_48210552.out,4
experiment-c10-vit-lejepa-light-v3,feature_spaces,LAST,RERUN_FEATURE_SPACES_WITH_BEST,experiments/experiment-c10-vit-lejepa-light-v3/checkpoints/vit_lejepa_backbone_last.pt,experiments/experiment-c10-vit-lejepa-light-v3/logs/feature_spaces_vit_lejepa_48210552.out,7
experiment-c10-vit-lejepa-light-v3,representation,BEST,OK,experiments/experiment-c10-vit-lejepa-light-v3/checkpoints/vit_lejepa_probe_best.pt,experiments/experiment-c10-vit-lejepa-light-v3/logs/repr_vit_lejepa_48210551.out,28
experiment-c10-vit-lejepa-light-v3,train,LAST,CHECK_AND_PROBABLY_RERUN,experiments/experiment-c10-vit-lejepa-light-v3/checkpoints/vit_lejepa_backbone_last.pt,experiments/experiment-c10-vit-lejepa-light-v3/logs/train_vit_lejepa_48198516.out,439
experiment-c10-vit-lejepa-light-v3,train,BEST,OK,experiments/experiment-c10-vit-lejepa-light-v3/checkpoints/vit_lejepa_backbone_loss_best.pt,experiments/experiment-c10-vit-lejepa-light-v3/logs/train_vit_lejepa_48198516.out,441
experiment-c10-vit-lejepa-light-v3,train,EPOCH,OK,experiments/experiment-c10-vit-lejepa-light-v3/checkpoints/vit_lejepa_backbone_epoch_020.pt,experiments/experiment-c10-vit-lejepa-light-v3/logs/train_vit_lejepa_48198516.out,443
experiment-c10-vit-lejepa-light-v3,train,EPOCH,OK,experiments/experiment-c10-vit-lejepa-light-v3/checkpoints/vit_lejepa_backbone_epoch_040.pt,experiments/experiment-c10-vit-lejepa-light-v3/logs/train_vit_lejepa_48198516.out,445
experiment-c10-vit-lejepa-light-v3,train,EPOCH,OK,experiments/experiment-c10-vit-lejepa-light-v3/checkpoints/vit_lejepa_backbone_epoch_060.pt,experiments/experiment-c10-vit-lejepa-light-v3/logs/train_vit_lejepa_48198516.out,447
experiment-c10-vit-lejepa-light-v3,train,EPOCH,OK,experiments/experiment-c10-vit-lejepa-light-v3/checkpoints/vit_lejepa_backbone_epoch_080.pt,experiments/experiment-c10-vit-lejepa-light-v3/logs/train_vit_lejepa_48198516.out,449
experiment-c10-vit-lejepa-light-v3,train,EPOCH,OK,experiments/experiment-c10-vit-lejepa-light-v3/checkpoints/vit_lejepa_backbone_epoch_100.pt,experiments/experiment-c10-vit-lejepa-light-v3/logs/train_vit_lejepa_48198516.out,451
experiment-c10-vit-lejepa-light-v3,train,EPOCH,OK,experiments/experiment-c10-vit-lejepa-light-v3/checkpoints/vit_lejepa_backbone_epoch_120.pt,experiments/experiment-c10-vit-lejepa-light-v3/logs/train_vit_lejepa_48198516.out,453
experiment-c10-vit-lejepa-light-v3,train,EPOCH,OK,experiments/experiment-c10-vit-lejepa-light-v3/checkpoints/vit_lejepa_backbone_epoch_140.pt,experiments/experiment-c10-vit-lejepa-light-v3/logs/train_vit_lejepa_48198516.out,455
experiment-c10-vit-lejepa-light-v3,train,EPOCH,OK,experiments/experiment-c10-vit-lejepa-light-v3/checkpoints/vit_lejepa_backbone_epoch_160.pt,experiments/experiment-c10-vit-lejepa-light-v3/logs/train_vit_lejepa_48198516.out,457
experiment-c10-vit-lejepa-light-v3,train,EPOCH,OK,experiments/experiment-c10-vit-lejepa-light-v3/checkpoints/vit_lejepa_backbone_epoch_180.pt,experiments/experiment-c10-vit-lejepa-light-v3/logs/train_vit_lejepa_48198516.out,459
experiment-c10-vit-lejepa-light-v3,train,EPOCH,OK,experiments/experiment-c10-vit-lejepa-light-v3/checkpoints/vit_lejepa_backbone_epoch_200.pt,experiments/experiment-c10-vit-lejepa-light-v3/logs/train_vit_lejepa_48198516.out,461
experiment-c10-vit-lejepa-light-v3,train,EPOCH,OK,experiments/experiment-c10-vit-lejepa-light-v3/checkpoints/vit_lejepa_backbone_epoch_220.pt,experiments/experiment-c10-vit-lejepa-light-v3/logs/train_vit_lejepa_48198516.out,463
experiment-c10-vit-lejepa-light-v3,train,EPOCH,OK,experiments/experiment-c10-vit-lejepa-light-v3/checkpoints/vit_lejepa_backbone_epoch_240.pt,experiments/experiment-c10-vit-lejepa-light-v3/logs/train_vit_lejepa_48198516.out,465
experiment-c10-vit-lejepa-light-v3,train,EPOCH,OK,experiments/experiment-c10-vit-lejepa-light-v3/checkpoints/vit_lejepa_backbone_epoch_260.pt,experiments/experiment-c10-vit-lejepa-light-v3/logs/train_vit_lejepa_48198516.out,467
experiment-c10-vit-lejepa-light-v3,train,EPOCH,OK,experiments/experiment-c10-vit-lejepa-light-v3/checkpoints/vit_lejepa_backbone_epoch_280.pt,experiments/experiment-c10-vit-lejepa-light-v3/logs/train_vit_lejepa_48198516.out,469
experiment-c10-vit-lejepa-light-v3,train,EPOCH,OK,experiments/experiment-c10-vit-lejepa-light-v3/checkpoints/vit_lejepa_backbone_epoch_300.pt,experiments/experiment-c10-vit-lejepa-light-v3/logs/train_vit_lejepa_48198516.out,471
experiment-c10-vit-lejepa-light-v3,train,EPOCH,OK,experiments/experiment-c10-vit-lejepa-light-v3/checkpoints/vit_lejepa_backbone_epoch_320.pt,experiments/experiment-c10-vit-lejepa-light-v3/logs/train_vit_lejepa_48198516.out,473
experiment-c10-vit-lejepa-light-v3,train,EPOCH,OK,experiments/experiment-c10-vit-lejepa-light-v3/checkpoints/vit_lejepa_backbone_epoch_340.pt,experiments/experiment-c10-vit-lejepa-light-v3/logs/train_vit_lejepa_48198516.out,475
experiment-c10-vit-lejepa-light-v3,train,EPOCH,OK,experiments/experiment-c10-vit-lejepa-light-v3/checkpoints/vit_lejepa_backbone_epoch_360.pt,experiments/experiment-c10-vit-lejepa-light-v3/logs/train_vit_lejepa_48198516.out,477
experiment-c10-vit-lejepa-light-v3,train,EPOCH,OK,experiments/experiment-c10-vit-lejepa-light-v3/checkpoints/vit_lejepa_backbone_epoch_380.pt,experiments/experiment-c10-vit-lejepa-light-v3/logs/train_vit_lejepa_48198516.out,479
experiment-c10-vit-lejepa-light-v3,train,EPOCH,OK,experiments/experiment-c10-vit-lejepa-light-v3/checkpoints/vit_lejepa_backbone_epoch_400.pt,experiments/experiment-c10-vit-lejepa-light-v3/logs/train_vit_lejepa_48198516.out,481
experiment-c10-vit-lejepa-light-v3,train,EPOCH,OK,experiments/experiment-c10-vit-lejepa-light-v3/checkpoints/vit_lejepa_backbone_epoch_020.pt,experiments/experiment-c10-vit-lejepa-light-v3/logs/train_vit_lejepa_48198516.out,484
experiment-c10-vit-lejepa-light-v3,train,BEST,OK,experiments/experiment-c10-vit-lejepa-light-v3/checkpoints/vit_lejepa_backbone_best.pt,experiments/experiment-c10-vit-lejepa-light-v3/logs/train_vit_lejepa_48198516.out,487
experiment-c10-vit-lejepa-v4-short-lr1e4-sig005,lsas_eval,BEST,OK,experiments/experiment-c10-vit-lejepa-v4-short-lr1e4-sig005/checkpoints/vit_lejepa_probe_best.pt,experiments/experiment-c10-vit-lejepa-v4-short-lr1e4-sig005/logs/eval_vit_lejepa_predicted_48217021.out,29
experiment-c10-vit-lejepa-v4-short-lr1e4-sig005,lsas_eval,BEST,OK,experiments/experiment-c10-vit-lejepa-v4-short-lr1e4-sig005/checkpoints/vit_lejepa_probe_best.pt,experiments/experiment-c10-vit-lejepa-v4-short-lr1e4-sig005/logs/eval_vit_lejepa_true_48217024.out,29
experiment-c10-vit-lejepa-v4-short-lr1e4-sig005,feature_spaces,LAST,RERUN_FEATURE_SPACES_WITH_BEST,experiments/experiment-c10-vit-lejepa-v4-short-lr1e4-sig005/checkpoints/vit_lejepa_backbone_last.pt,experiments/experiment-c10-vit-lejepa-v4-short-lr1e4-sig005/logs/feature_spaces_vit_lejepa_48217016.out,4
experiment-c10-vit-lejepa-v4-short-lr1e4-sig005,feature_spaces,LAST,RERUN_FEATURE_SPACES_WITH_BEST,experiments/experiment-c10-vit-lejepa-v4-short-lr1e4-sig005/checkpoints/vit_lejepa_backbone_last.pt,experiments/experiment-c10-vit-lejepa-v4-short-lr1e4-sig005/logs/feature_spaces_vit_lejepa_48217016.out,7
experiment-c10-vit-lejepa-v4-short-lr1e4-sig005,feature_spaces,LAST,RERUN_FEATURE_SPACES_WITH_BEST,experiments/experiment-c10-vit-lejepa-v4-short-lr1e4-sig005/checkpoints/vit_lejepa_backbone_last.pt,experiments/experiment-c10-vit-lejepa-v4-short-lr1e4-sig005/logs/feature_spaces_vit_lejepa_48217052.out,4
experiment-c10-vit-lejepa-v4-short-lr1e4-sig005,feature_spaces,LAST,RERUN_FEATURE_SPACES_WITH_BEST,experiments/experiment-c10-vit-lejepa-v4-short-lr1e4-sig005/checkpoints/vit_lejepa_backbone_last.pt,experiments/experiment-c10-vit-lejepa-v4-short-lr1e4-sig005/logs/feature_spaces_vit_lejepa_48217052.out,7
experiment-c10-vit-lejepa-v4-short-lr1e4-sig005,representation,BEST,OK,experiments/experiment-c10-vit-lejepa-v4-short-lr1e4-sig005/checkpoints/vit_lejepa_probe_best.pt,experiments/experiment-c10-vit-lejepa-v4-short-lr1e4-sig005/logs/repr_vit_lejepa_48217014.out,28
experiment-c10-vit-lejepa-v4-short-lr1e4-sig005,train,LAST,CHECK_AND_PROBABLY_RERUN,experiments/experiment-c10-vit-lejepa-v4-short-lr1e4-sig005/checkpoints/vit_lejepa_backbone_last.pt,experiments/experiment-c10-vit-lejepa-v4-short-lr1e4-sig005/logs/train_vit_lejepa_48213996.out,139
experiment-c10-vit-lejepa-v4-short-lr1e4-sig005,train,BEST,OK,experiments/experiment-c10-vit-lejepa-v4-short-lr1e4-sig005/checkpoints/vit_lejepa_backbone_loss_best.pt,experiments/experiment-c10-vit-lejepa-v4-short-lr1e4-sig005/logs/train_vit_lejepa_48213996.out,141
experiment-c10-vit-lejepa-v4-short-lr1e4-sig005,train,EPOCH,OK,experiments/experiment-c10-vit-lejepa-v4-short-lr1e4-sig005/checkpoints/vit_lejepa_backbone_epoch_010.pt,experiments/experiment-c10-vit-lejepa-v4-short-lr1e4-sig005/logs/train_vit_lejepa_48213996.out,143
experiment-c10-vit-lejepa-v4-short-lr1e4-sig005,train,EPOCH,OK,experiments/experiment-c10-vit-lejepa-v4-short-lr1e4-sig005/checkpoints/vit_lejepa_backbone_epoch_020.pt,experiments/experiment-c10-vit-lejepa-v4-short-lr1e4-sig005/logs/train_vit_lejepa_48213996.out,145
experiment-c10-vit-lejepa-v4-short-lr1e4-sig005,train,EPOCH,OK,experiments/experiment-c10-vit-lejepa-v4-short-lr1e4-sig005/checkpoints/vit_lejepa_backbone_epoch_030.pt,experiments/experiment-c10-vit-lejepa-v4-short-lr1e4-sig005/logs/train_vit_lejepa_48213996.out,147
experiment-c10-vit-lejepa-v4-short-lr1e4-sig005,train,EPOCH,OK,experiments/experiment-c10-vit-lejepa-v4-short-lr1e4-sig005/checkpoints/vit_lejepa_backbone_epoch_040.pt,experiments/experiment-c10-vit-lejepa-v4-short-lr1e4-sig005/logs/train_vit_lejepa_48213996.out,149
experiment-c10-vit-lejepa-v4-short-lr1e4-sig005,train,EPOCH,OK,experiments/experiment-c10-vit-lejepa-v4-short-lr1e4-sig005/checkpoints/vit_lejepa_backbone_epoch_050.pt,experiments/experiment-c10-vit-lejepa-v4-short-lr1e4-sig005/logs/train_vit_lejepa_48213996.out,151
experiment-c10-vit-lejepa-v4-short-lr1e4-sig005,train,EPOCH,OK,experiments/experiment-c10-vit-lejepa-v4-short-lr1e4-sig005/checkpoints/vit_lejepa_backbone_epoch_060.pt,experiments/experiment-c10-vit-lejepa-v4-short-lr1e4-sig005/logs/train_vit_lejepa_48213996.out,153
experiment-c10-vit-lejepa-v4-short-lr1e4-sig005,train,EPOCH,OK,experiments/experiment-c10-vit-lejepa-v4-short-lr1e4-sig005/checkpoints/vit_lejepa_backbone_epoch_070.pt,experiments/experiment-c10-vit-lejepa-v4-short-lr1e4-sig005/logs/train_vit_lejepa_48213996.out,155
experiment-c10-vit-lejepa-v4-short-lr1e4-sig005,train,EPOCH,OK,experiments/experiment-c10-vit-lejepa-v4-short-lr1e4-sig005/checkpoints/vit_lejepa_backbone_epoch_080.pt,experiments/experiment-c10-vit-lejepa-v4-short-lr1e4-sig005/logs/train_vit_lejepa_48213996.out,157
experiment-c10-vit-lejepa-v4-short-lr1e4-sig005,train,EPOCH,OK,experiments/experiment-c10-vit-lejepa-v4-short-lr1e4-sig005/checkpoints/vit_lejepa_backbone_epoch_090.pt,experiments/experiment-c10-vit-lejepa-v4-short-lr1e4-sig005/logs/train_vit_lejepa_48213996.out,159
experiment-c10-vit-lejepa-v4-short-lr1e4-sig005,train,EPOCH,OK,experiments/experiment-c10-vit-lejepa-v4-short-lr1e4-sig005/checkpoints/vit_lejepa_backbone_epoch_100.pt,experiments/experiment-c10-vit-lejepa-v4-short-lr1e4-sig005/logs/train_vit_lejepa_48213996.out,161
experiment-c10-vit-lejepa-v4-short-lr1e4-sig005,train,LAST,CHECK_AND_PROBABLY_RERUN,experiments/experiment-c10-vit-lejepa-v4-short-lr1e4-sig005/checkpoints/vit_lejepa_backbone_last.pt,experiments/experiment-c10-vit-lejepa-v4-short-lr1e4-sig005/logs/train_vit_lejepa_48213996.out,164
experiment-c10-vit-lejepa-v4-short-lr1e4-sig005,train,BEST,OK,experiments/experiment-c10-vit-lejepa-v4-short-lr1e4-sig005/checkpoints/vit_lejepa_backbone_best.pt,experiments/experiment-c10-vit-lejepa-v4-short-lr1e4-sig005/logs/train_vit_lejepa_48213996.out,167
experiment-c10-vit-lejepa-v4-short-lr2e4,lsas_eval,BEST,OK,experiments/experiment-c10-vit-lejepa-v4-short-lr2e4/checkpoints/vit_lejepa_probe_best.pt,experiments/experiment-c10-vit-lejepa-v4-short-lr2e4/logs/eval_vit_lejepa_predicted_48216986.out,29
experiment-c10-vit-lejepa-v4-short-lr2e4,lsas_eval,BEST,OK,experiments/experiment-c10-vit-lejepa-v4-short-lr2e4/checkpoints/vit_lejepa_probe_best.pt,experiments/experiment-c10-vit-lejepa-v4-short-lr2e4/logs/eval_vit_lejepa_true_48217003.out,29
experiment-c10-vit-lejepa-v4-short-lr2e4,feature_spaces,LAST,RERUN_FEATURE_SPACES_WITH_BEST,experiments/experiment-c10-vit-lejepa-v4-short-lr2e4/checkpoints/vit_lejepa_backbone_last.pt,experiments/experiment-c10-vit-lejepa-v4-short-lr2e4/logs/feature_spaces_vit_lejepa_48216974.out,4
experiment-c10-vit-lejepa-v4-short-lr2e4,feature_spaces,LAST,RERUN_FEATURE_SPACES_WITH_BEST,experiments/experiment-c10-vit-lejepa-v4-short-lr2e4/checkpoints/vit_lejepa_backbone_last.pt,experiments/experiment-c10-vit-lejepa-v4-short-lr2e4/logs/feature_spaces_vit_lejepa_48216974.out,7
experiment-c10-vit-lejepa-v4-short-lr2e4,feature_spaces,LAST,RERUN_FEATURE_SPACES_WITH_BEST,experiments/experiment-c10-vit-lejepa-v4-short-lr2e4/checkpoints/vit_lejepa_backbone_last.pt,experiments/experiment-c10-vit-lejepa-v4-short-lr2e4/logs/feature_spaces_vit_lejepa_48217044.out,4
experiment-c10-vit-lejepa-v4-short-lr2e4,feature_spaces,LAST,RERUN_FEATURE_SPACES_WITH_BEST,experiments/experiment-c10-vit-lejepa-v4-short-lr2e4/checkpoints/vit_lejepa_backbone_last.pt,experiments/experiment-c10-vit-lejepa-v4-short-lr2e4/logs/feature_spaces_vit_lejepa_48217044.out,7
experiment-c10-vit-lejepa-v4-short-lr2e4,representation,BEST,OK,experiments/experiment-c10-vit-lejepa-v4-short-lr2e4/checkpoints/vit_lejepa_probe_best.pt,experiments/experiment-c10-vit-lejepa-v4-short-lr2e4/logs/repr_vit_lejepa_48216959.out,28
experiment-c10-vit-lejepa-v4-short-lr2e4,train,LAST,CHECK_AND_PROBABLY_RERUN,experiments/experiment-c10-vit-lejepa-v4-short-lr2e4/checkpoints/vit_lejepa_backbone_last.pt,experiments/experiment-c10-vit-lejepa-v4-short-lr2e4/logs/train_vit_lejepa_48213947.out,139
experiment-c10-vit-lejepa-v4-short-lr2e4,train,BEST,OK,experiments/experiment-c10-vit-lejepa-v4-short-lr2e4/checkpoints/vit_lejepa_backbone_loss_best.pt,experiments/experiment-c10-vit-lejepa-v4-short-lr2e4/logs/train_vit_lejepa_48213947.out,141
experiment-c10-vit-lejepa-v4-short-lr2e4,train,EPOCH,OK,experiments/experiment-c10-vit-lejepa-v4-short-lr2e4/checkpoints/vit_lejepa_backbone_epoch_010.pt,experiments/experiment-c10-vit-lejepa-v4-short-lr2e4/logs/train_vit_lejepa_48213947.out,143
experiment-c10-vit-lejepa-v4-short-lr2e4,train,EPOCH,OK,experiments/experiment-c10-vit-lejepa-v4-short-lr2e4/checkpoints/vit_lejepa_backbone_epoch_020.pt,experiments/experiment-c10-vit-lejepa-v4-short-lr2e4/logs/train_vit_lejepa_48213947.out,145
experiment-c10-vit-lejepa-v4-short-lr2e4,train,EPOCH,OK,experiments/experiment-c10-vit-lejepa-v4-short-lr2e4/checkpoints/vit_lejepa_backbone_epoch_030.pt,experiments/experiment-c10-vit-lejepa-v4-short-lr2e4/logs/train_vit_lejepa_48213947.out,147
experiment-c10-vit-lejepa-v4-short-lr2e4,train,EPOCH,OK,experiments/experiment-c10-vit-lejepa-v4-short-lr2e4/checkpoints/vit_lejepa_backbone_epoch_040.pt,experiments/experiment-c10-vit-lejepa-v4-short-lr2e4/logs/train_vit_lejepa_48213947.out,149
experiment-c10-vit-lejepa-v4-short-lr2e4,train,EPOCH,OK,experiments/experiment-c10-vit-lejepa-v4-short-lr2e4/checkpoints/vit_lejepa_backbone_epoch_050.pt,experiments/experiment-c10-vit-lejepa-v4-short-lr2e4/logs/train_vit_lejepa_48213947.out,151
experiment-c10-vit-lejepa-v4-short-lr2e4,train,EPOCH,OK,experiments/experiment-c10-vit-lejepa-v4-short-lr2e4/checkpoints/vit_lejepa_backbone_epoch_060.pt,experiments/experiment-c10-vit-lejepa-v4-short-lr2e4/logs/train_vit_lejepa_48213947.out,153
experiment-c10-vit-lejepa-v4-short-lr2e4,train,EPOCH,OK,experiments/experiment-c10-vit-lejepa-v4-short-lr2e4/checkpoints/vit_lejepa_backbone_epoch_070.pt,experiments/experiment-c10-vit-lejepa-v4-short-lr2e4/logs/train_vit_lejepa_48213947.out,155
experiment-c10-vit-lejepa-v4-short-lr2e4,train,EPOCH,OK,experiments/experiment-c10-vit-lejepa-v4-short-lr2e4/checkpoints/vit_lejepa_backbone_epoch_080.pt,experiments/experiment-c10-vit-lejepa-v4-short-lr2e4/logs/train_vit_lejepa_48213947.out,157
experiment-c10-vit-lejepa-v4-short-lr2e4,train,EPOCH,OK,experiments/experiment-c10-vit-lejepa-v4-short-lr2e4/checkpoints/vit_lejepa_backbone_epoch_090.pt,experiments/experiment-c10-vit-lejepa-v4-short-lr2e4/logs/train_vit_lejepa_48213947.out,159
experiment-c10-vit-lejepa-v4-short-lr2e4,train,EPOCH,OK,experiments/experiment-c10-vit-lejepa-v4-short-lr2e4/checkpoints/vit_lejepa_backbone_epoch_100.pt,experiments/experiment-c10-vit-lejepa-v4-short-lr2e4/logs/train_vit_lejepa_48213947.out,161
experiment-c10-vit-lejepa-v4-short-lr2e4,train,LAST,CHECK_AND_PROBABLY_RERUN,experiments/experiment-c10-vit-lejepa-v4-short-lr2e4/checkpoints/vit_lejepa_backbone_last.pt,experiments/experiment-c10-vit-lejepa-v4-short-lr2e4/logs/train_vit_lejepa_48213947.out,164
experiment-c10-vit-lejepa-v4-short-lr2e4,train,BEST,OK,experiments/experiment-c10-vit-lejepa-v4-short-lr2e4/checkpoints/vit_lejepa_backbone_best.pt,experiments/experiment-c10-vit-lejepa-v4-short-lr2e4/logs/train_vit_lejepa_48213947.out,167
experiment-c10-vit-lejepa-v4-short-lr2e4-sig005,lsas_eval,BEST,OK,experiments/experiment-c10-vit-lejepa-v4-short-lr2e4-sig005/checkpoints/vit_lejepa_probe_best.pt,experiments/experiment-c10-vit-lejepa-v4-short-lr2e4-sig005/logs/eval_vit_lejepa_predicted_48217010.out,29
experiment-c10-vit-lejepa-v4-short-lr2e4-sig005,lsas_eval,BEST,OK,experiments/experiment-c10-vit-lejepa-v4-short-lr2e4-sig005/checkpoints/vit_lejepa_probe_best.pt,experiments/experiment-c10-vit-lejepa-v4-short-lr2e4-sig005/logs/eval_vit_lejepa_true_48217013.out,29
experiment-c10-vit-lejepa-v4-short-lr2e4-sig005,feature_spaces,LAST,RERUN_FEATURE_SPACES_WITH_BEST,experiments/experiment-c10-vit-lejepa-v4-short-lr2e4-sig005/checkpoints/vit_lejepa_backbone_last.pt,experiments/experiment-c10-vit-lejepa-v4-short-lr2e4-sig005/logs/feature_spaces_vit_lejepa_48217009.out,4
experiment-c10-vit-lejepa-v4-short-lr2e4-sig005,feature_spaces,LAST,RERUN_FEATURE_SPACES_WITH_BEST,experiments/experiment-c10-vit-lejepa-v4-short-lr2e4-sig005/checkpoints/vit_lejepa_backbone_last.pt,experiments/experiment-c10-vit-lejepa-v4-short-lr2e4-sig005/logs/feature_spaces_vit_lejepa_48217009.out,7
experiment-c10-vit-lejepa-v4-short-lr2e4-sig005,feature_spaces,LAST,RERUN_FEATURE_SPACES_WITH_BEST,experiments/experiment-c10-vit-lejepa-v4-short-lr2e4-sig005/checkpoints/vit_lejepa_backbone_last.pt,experiments/experiment-c10-vit-lejepa-v4-short-lr2e4-sig005/logs/feature_spaces_vit_lejepa_48217046.out,4
experiment-c10-vit-lejepa-v4-short-lr2e4-sig005,feature_spaces,LAST,RERUN_FEATURE_SPACES_WITH_BEST,experiments/experiment-c10-vit-lejepa-v4-short-lr2e4-sig005/checkpoints/vit_lejepa_backbone_last.pt,experiments/experiment-c10-vit-lejepa-v4-short-lr2e4-sig005/logs/feature_spaces_vit_lejepa_48217046.out,7
experiment-c10-vit-lejepa-v4-short-lr2e4-sig005,representation,BEST,OK,experiments/experiment-c10-vit-lejepa-v4-short-lr2e4-sig005/checkpoints/vit_lejepa_probe_best.pt,experiments/experiment-c10-vit-lejepa-v4-short-lr2e4-sig005/logs/repr_vit_lejepa_48217008.out,28
experiment-c10-vit-lejepa-v4-short-lr2e4-sig005,train,LAST,CHECK_AND_PROBABLY_RERUN,experiments/experiment-c10-vit-lejepa-v4-short-lr2e4-sig005/checkpoints/vit_lejepa_backbone_last.pt,experiments/experiment-c10-vit-lejepa-v4-short-lr2e4-sig005/logs/train_vit_lejepa_48213994.out,139
experiment-c10-vit-lejepa-v4-short-lr2e4-sig005,train,BEST,OK,experiments/experiment-c10-vit-lejepa-v4-short-lr2e4-sig005/checkpoints/vit_lejepa_backbone_loss_best.pt,experiments/experiment-c10-vit-lejepa-v4-short-lr2e4-sig005/logs/train_vit_lejepa_48213994.out,141
experiment-c10-vit-lejepa-v4-short-lr2e4-sig005,train,EPOCH,OK,experiments/experiment-c10-vit-lejepa-v4-short-lr2e4-sig005/checkpoints/vit_lejepa_backbone_epoch_010.pt,experiments/experiment-c10-vit-lejepa-v4-short-lr2e4-sig005/logs/train_vit_lejepa_48213994.out,143
experiment-c10-vit-lejepa-v4-short-lr2e4-sig005,train,EPOCH,OK,experiments/experiment-c10-vit-lejepa-v4-short-lr2e4-sig005/checkpoints/vit_lejepa_backbone_epoch_020.pt,experiments/experiment-c10-vit-lejepa-v4-short-lr2e4-sig005/logs/train_vit_lejepa_48213994.out,145
experiment-c10-vit-lejepa-v4-short-lr2e4-sig005,train,EPOCH,OK,experiments/experiment-c10-vit-lejepa-v4-short-lr2e4-sig005/checkpoints/vit_lejepa_backbone_epoch_030.pt,experiments/experiment-c10-vit-lejepa-v4-short-lr2e4-sig005/logs/train_vit_lejepa_48213994.out,147
experiment-c10-vit-lejepa-v4-short-lr2e4-sig005,train,EPOCH,OK,experiments/experiment-c10-vit-lejepa-v4-short-lr2e4-sig005/checkpoints/vit_lejepa_backbone_epoch_040.pt,experiments/experiment-c10-vit-lejepa-v4-short-lr2e4-sig005/logs/train_vit_lejepa_48213994.out,149
experiment-c10-vit-lejepa-v4-short-lr2e4-sig005,train,EPOCH,OK,experiments/experiment-c10-vit-lejepa-v4-short-lr2e4-sig005/checkpoints/vit_lejepa_backbone_epoch_050.pt,experiments/experiment-c10-vit-lejepa-v4-short-lr2e4-sig005/logs/train_vit_lejepa_48213994.out,151
experiment-c10-vit-lejepa-v4-short-lr2e4-sig005,train,EPOCH,OK,experiments/experiment-c10-vit-lejepa-v4-short-lr2e4-sig005/checkpoints/vit_lejepa_backbone_epoch_060.pt,experiments/experiment-c10-vit-lejepa-v4-short-lr2e4-sig005/logs/train_vit_lejepa_48213994.out,153
experiment-c10-vit-lejepa-v4-short-lr2e4-sig005,train,EPOCH,OK,experiments/experiment-c10-vit-lejepa-v4-short-lr2e4-sig005/checkpoints/vit_lejepa_backbone_epoch_070.pt,experiments/experiment-c10-vit-lejepa-v4-short-lr2e4-sig005/logs/train_vit_lejepa_48213994.out,155
experiment-c10-vit-lejepa-v4-short-lr2e4-sig005,train,EPOCH,OK,experiments/experiment-c10-vit-lejepa-v4-short-lr2e4-sig005/checkpoints/vit_lejepa_backbone_epoch_080.pt,experiments/experiment-c10-vit-lejepa-v4-short-lr2e4-sig005/logs/train_vit_lejepa_48213994.out,157
experiment-c10-vit-lejepa-v4-short-lr2e4-sig005,train,EPOCH,OK,experiments/experiment-c10-vit-lejepa-v4-short-lr2e4-sig005/checkpoints/vit_lejepa_backbone_epoch_090.pt,experiments/experiment-c10-vit-lejepa-v4-short-lr2e4-sig005/logs/train_vit_lejepa_48213994.out,159
experiment-c10-vit-lejepa-v4-short-lr2e4-sig005,train,EPOCH,OK,experiments/experiment-c10-vit-lejepa-v4-short-lr2e4-sig005/checkpoints/vit_lejepa_backbone_epoch_100.pt,experiments/experiment-c10-vit-lejepa-v4-short-lr2e4-sig005/logs/train_vit_lejepa_48213994.out,161
experiment-c10-vit-lejepa-v4-short-lr2e4-sig005,train,EPOCH,OK,experiments/experiment-c10-vit-lejepa-v4-short-lr2e4-sig005/checkpoints/vit_lejepa_backbone_epoch_080.pt,experiments/experiment-c10-vit-lejepa-v4-short-lr2e4-sig005/logs/train_vit_lejepa_48213994.out,164
experiment-c10-vit-lejepa-v4-short-lr2e4-sig005,train,BEST,OK,experiments/experiment-c10-vit-lejepa-v4-short-lr2e4-sig005/checkpoints/vit_lejepa_backbone_best.pt,experiments/experiment-c10-vit-lejepa-v4-short-lr2e4-sig005/logs/train_vit_lejepa_48213994.out,167
experiment-c10-vit-lejepa-v4-short-lr2e4-sig005-proj512,lsas_eval,BEST,OK,experiments/experiment-c10-vit-lejepa-v4-short-lr2e4-sig005-proj512/checkpoints/vit_lejepa_probe_best.pt,experiments/experiment-c10-vit-lejepa-v4-short-lr2e4-sig005-proj512/logs/eval_vit_lejepa_predicted_48217063.out,29
experiment-c10-vit-lejepa-v4-short-lr2e4-sig005-proj512,lsas_eval,BEST,OK,experiments/experiment-c10-vit-lejepa-v4-short-lr2e4-sig005-proj512/checkpoints/vit_lejepa_probe_best.pt,experiments/experiment-c10-vit-lejepa-v4-short-lr2e4-sig005-proj512/logs/eval_vit_lejepa_true_48217065.out,29
experiment-c10-vit-lejepa-v4-short-lr2e4-sig005-proj512,feature_spaces,LAST,RERUN_FEATURE_SPACES_WITH_BEST,experiments/experiment-c10-vit-lejepa-v4-short-lr2e4-sig005-proj512/checkpoints/vit_lejepa_backbone_last.pt,experiments/experiment-c10-vit-lejepa-v4-short-lr2e4-sig005-proj512/logs/feature_spaces_vit_lejepa_48217060.out,4
experiment-c10-vit-lejepa-v4-short-lr2e4-sig005-proj512,feature_spaces,LAST,RERUN_FEATURE_SPACES_WITH_BEST,experiments/experiment-c10-vit-lejepa-v4-short-lr2e4-sig005-proj512/checkpoints/vit_lejepa_backbone_last.pt,experiments/experiment-c10-vit-lejepa-v4-short-lr2e4-sig005-proj512/logs/feature_spaces_vit_lejepa_48217060.out,7
experiment-c10-vit-lejepa-v4-short-lr2e4-sig005-proj512,representation,BEST,OK,experiments/experiment-c10-vit-lejepa-v4-short-lr2e4-sig005-proj512/checkpoints/vit_lejepa_probe_best.pt,experiments/experiment-c10-vit-lejepa-v4-short-lr2e4-sig005-proj512/logs/repr_vit_lejepa_48217058.out,28
experiment-c10-vit-lejepa-v4-short-lr2e4-sig005-proj512,train,LAST,CHECK_AND_PROBABLY_RERUN,experiments/experiment-c10-vit-lejepa-v4-short-lr2e4-sig005-proj512/checkpoints/vit_lejepa_backbone_last.pt,experiments/experiment-c10-vit-lejepa-v4-short-lr2e4-sig005-proj512/logs/train_vit_lejepa_48214000.out,139
experiment-c10-vit-lejepa-v4-short-lr2e4-sig005-proj512,train,BEST,OK,experiments/experiment-c10-vit-lejepa-v4-short-lr2e4-sig005-proj512/checkpoints/vit_lejepa_backbone_loss_best.pt,experiments/experiment-c10-vit-lejepa-v4-short-lr2e4-sig005-proj512/logs/train_vit_lejepa_48214000.out,141
experiment-c10-vit-lejepa-v4-short-lr2e4-sig005-proj512,train,EPOCH,OK,experiments/experiment-c10-vit-lejepa-v4-short-lr2e4-sig005-proj512/checkpoints/vit_lejepa_backbone_epoch_010.pt,experiments/experiment-c10-vit-lejepa-v4-short-lr2e4-sig005-proj512/logs/train_vit_lejepa_48214000.out,143
experiment-c10-vit-lejepa-v4-short-lr2e4-sig005-proj512,train,EPOCH,OK,experiments/experiment-c10-vit-lejepa-v4-short-lr2e4-sig005-proj512/checkpoints/vit_lejepa_backbone_epoch_020.pt,experiments/experiment-c10-vit-lejepa-v4-short-lr2e4-sig005-proj512/logs/train_vit_lejepa_48214000.out,145
experiment-c10-vit-lejepa-v4-short-lr2e4-sig005-proj512,train,EPOCH,OK,experiments/experiment-c10-vit-lejepa-v4-short-lr2e4-sig005-proj512/checkpoints/vit_lejepa_backbone_epoch_030.pt,experiments/experiment-c10-vit-lejepa-v4-short-lr2e4-sig005-proj512/logs/train_vit_lejepa_48214000.out,147
experiment-c10-vit-lejepa-v4-short-lr2e4-sig005-proj512,train,EPOCH,OK,experiments/experiment-c10-vit-lejepa-v4-short-lr2e4-sig005-proj512/checkpoints/vit_lejepa_backbone_epoch_040.pt,experiments/experiment-c10-vit-lejepa-v4-short-lr2e4-sig005-proj512/logs/train_vit_lejepa_48214000.out,149
experiment-c10-vit-lejepa-v4-short-lr2e4-sig005-proj512,train,EPOCH,OK,experiments/experiment-c10-vit-lejepa-v4-short-lr2e4-sig005-proj512/checkpoints/vit_lejepa_backbone_epoch_050.pt,experiments/experiment-c10-vit-lejepa-v4-short-lr2e4-sig005-proj512/logs/train_vit_lejepa_48214000.out,151
experiment-c10-vit-lejepa-v4-short-lr2e4-sig005-proj512,train,EPOCH,OK,experiments/experiment-c10-vit-lejepa-v4-short-lr2e4-sig005-proj512/checkpoints/vit_lejepa_backbone_epoch_060.pt,experiments/experiment-c10-vit-lejepa-v4-short-lr2e4-sig005-proj512/logs/train_vit_lejepa_48214000.out,153
experiment-c10-vit-lejepa-v4-short-lr2e4-sig005-proj512,train,EPOCH,OK,experiments/experiment-c10-vit-lejepa-v4-short-lr2e4-sig005-proj512/checkpoints/vit_lejepa_backbone_epoch_070.pt,experiments/experiment-c10-vit-lejepa-v4-short-lr2e4-sig005-proj512/logs/train_vit_lejepa_48214000.out,155
experiment-c10-vit-lejepa-v4-short-lr2e4-sig005-proj512,train,EPOCH,OK,experiments/experiment-c10-vit-lejepa-v4-short-lr2e4-sig005-proj512/checkpoints/vit_lejepa_backbone_epoch_080.pt,experiments/experiment-c10-vit-lejepa-v4-short-lr2e4-sig005-proj512/logs/train_vit_lejepa_48214000.out,157
experiment-c10-vit-lejepa-v4-short-lr2e4-sig005-proj512,train,EPOCH,OK,experiments/experiment-c10-vit-lejepa-v4-short-lr2e4-sig005-proj512/checkpoints/vit_lejepa_backbone_epoch_090.pt,experiments/experiment-c10-vit-lejepa-v4-short-lr2e4-sig005-proj512/logs/train_vit_lejepa_48214000.out,159
experiment-c10-vit-lejepa-v4-short-lr2e4-sig005-proj512,train,EPOCH,OK,experiments/experiment-c10-vit-lejepa-v4-short-lr2e4-sig005-proj512/checkpoints/vit_lejepa_backbone_epoch_100.pt,experiments/experiment-c10-vit-lejepa-v4-short-lr2e4-sig005-proj512/logs/train_vit_lejepa_48214000.out,161
experiment-c10-vit-lejepa-v4-short-lr2e4-sig005-proj512,train,EPOCH,OK,experiments/experiment-c10-vit-lejepa-v4-short-lr2e4-sig005-proj512/checkpoints/vit_lejepa_backbone_epoch_020.pt,experiments/experiment-c10-vit-lejepa-v4-short-lr2e4-sig005-proj512/logs/train_vit_lejepa_48214000.out,164
experiment-c10-vit-lejepa-v4-short-lr2e4-sig005-proj512,train,BEST,OK,experiments/experiment-c10-vit-lejepa-v4-short-lr2e4-sig005-proj512/checkpoints/vit_lejepa_backbone_best.pt,experiments/experiment-c10-vit-lejepa-v4-short-lr2e4-sig005-proj512/logs/train_vit_lejepa_48214000.out,167
experiment-c10-vit-lejepa-v5-short-lr15e4-sig005,lsas_eval,BEST,OK,experiments/experiment-c10-vit-lejepa-v5-short-lr15e4-sig005/checkpoints/vit_lejepa_probe_best.pt,experiments/experiment-c10-vit-lejepa-v5-short-lr15e4-sig005/logs/eval_vit_lejepa_predicted_48276191.out,29
experiment-c10-vit-lejepa-v5-short-lr15e4-sig005,lsas_eval,BEST,OK,experiments/experiment-c10-vit-lejepa-v5-short-lr15e4-sig005/checkpoints/vit_lejepa_probe_best.pt,experiments/experiment-c10-vit-lejepa-v5-short-lr15e4-sig005/logs/eval_vit_lejepa_true_48276211.out,29
experiment-c10-vit-lejepa-v5-short-lr15e4-sig005,feature_spaces,LAST,RERUN_FEATURE_SPACES_WITH_BEST,experiments/experiment-c10-vit-lejepa-v5-short-lr15e4-sig005/checkpoints/vit_lejepa_backbone_last.pt,experiments/experiment-c10-vit-lejepa-v5-short-lr15e4-sig005/logs/feature_spaces_vit_lejepa_48276135.out,4
experiment-c10-vit-lejepa-v5-short-lr15e4-sig005,feature_spaces,LAST,RERUN_FEATURE_SPACES_WITH_BEST,experiments/experiment-c10-vit-lejepa-v5-short-lr15e4-sig005/checkpoints/vit_lejepa_backbone_last.pt,experiments/experiment-c10-vit-lejepa-v5-short-lr15e4-sig005/logs/feature_spaces_vit_lejepa_48276135.out,7
experiment-c10-vit-lejepa-v5-short-lr15e4-sig005,representation,BEST,OK,experiments/experiment-c10-vit-lejepa-v5-short-lr15e4-sig005/checkpoints/vit_lejepa_probe_best.pt,experiments/experiment-c10-vit-lejepa-v5-short-lr15e4-sig005/logs/repr_vit_lejepa_48276113.out,28
experiment-c10-vit-lejepa-v5-short-lr15e4-sig005,train,LAST,CHECK_AND_PROBABLY_RERUN,experiments/experiment-c10-vit-lejepa-v5-short-lr15e4-sig005/checkpoints/vit_lejepa_backbone_last.pt,experiments/experiment-c10-vit-lejepa-v5-short-lr15e4-sig005/logs/train_vit_lejepa_48265146.out,139
experiment-c10-vit-lejepa-v5-short-lr15e4-sig005,train,BEST,OK,experiments/experiment-c10-vit-lejepa-v5-short-lr15e4-sig005/checkpoints/vit_lejepa_backbone_loss_best.pt,experiments/experiment-c10-vit-lejepa-v5-short-lr15e4-sig005/logs/train_vit_lejepa_48265146.out,141
experiment-c10-vit-lejepa-v5-short-lr15e4-sig005,train,EPOCH,OK,experiments/experiment-c10-vit-lejepa-v5-short-lr15e4-sig005/checkpoints/vit_lejepa_backbone_epoch_010.pt,experiments/experiment-c10-vit-lejepa-v5-short-lr15e4-sig005/logs/train_vit_lejepa_48265146.out,143
experiment-c10-vit-lejepa-v5-short-lr15e4-sig005,train,EPOCH,OK,experiments/experiment-c10-vit-lejepa-v5-short-lr15e4-sig005/checkpoints/vit_lejepa_backbone_epoch_020.pt,experiments/experiment-c10-vit-lejepa-v5-short-lr15e4-sig005/logs/train_vit_lejepa_48265146.out,145
experiment-c10-vit-lejepa-v5-short-lr15e4-sig005,train,EPOCH,OK,experiments/experiment-c10-vit-lejepa-v5-short-lr15e4-sig005/checkpoints/vit_lejepa_backbone_epoch_030.pt,experiments/experiment-c10-vit-lejepa-v5-short-lr15e4-sig005/logs/train_vit_lejepa_48265146.out,147
experiment-c10-vit-lejepa-v5-short-lr15e4-sig005,train,EPOCH,OK,experiments/experiment-c10-vit-lejepa-v5-short-lr15e4-sig005/checkpoints/vit_lejepa_backbone_epoch_040.pt,experiments/experiment-c10-vit-lejepa-v5-short-lr15e4-sig005/logs/train_vit_lejepa_48265146.out,149
experiment-c10-vit-lejepa-v5-short-lr15e4-sig005,train,EPOCH,OK,experiments/experiment-c10-vit-lejepa-v5-short-lr15e4-sig005/checkpoints/vit_lejepa_backbone_epoch_050.pt,experiments/experiment-c10-vit-lejepa-v5-short-lr15e4-sig005/logs/train_vit_lejepa_48265146.out,151
experiment-c10-vit-lejepa-v5-short-lr15e4-sig005,train,EPOCH,OK,experiments/experiment-c10-vit-lejepa-v5-short-lr15e4-sig005/checkpoints/vit_lejepa_backbone_epoch_060.pt,experiments/experiment-c10-vit-lejepa-v5-short-lr15e4-sig005/logs/train_vit_lejepa_48265146.out,153
experiment-c10-vit-lejepa-v5-short-lr15e4-sig005,train,EPOCH,OK,experiments/experiment-c10-vit-lejepa-v5-short-lr15e4-sig005/checkpoints/vit_lejepa_backbone_epoch_070.pt,experiments/experiment-c10-vit-lejepa-v5-short-lr15e4-sig005/logs/train_vit_lejepa_48265146.out,155
experiment-c10-vit-lejepa-v5-short-lr15e4-sig005,train,EPOCH,OK,experiments/experiment-c10-vit-lejepa-v5-short-lr15e4-sig005/checkpoints/vit_lejepa_backbone_epoch_080.pt,experiments/experiment-c10-vit-lejepa-v5-short-lr15e4-sig005/logs/train_vit_lejepa_48265146.out,157
experiment-c10-vit-lejepa-v5-short-lr15e4-sig005,train,EPOCH,OK,experiments/experiment-c10-vit-lejepa-v5-short-lr15e4-sig005/checkpoints/vit_lejepa_backbone_epoch_090.pt,experiments/experiment-c10-vit-lejepa-v5-short-lr15e4-sig005/logs/train_vit_lejepa_48265146.out,159
experiment-c10-vit-lejepa-v5-short-lr15e4-sig005,train,EPOCH,OK,experiments/experiment-c10-vit-lejepa-v5-short-lr15e4-sig005/checkpoints/vit_lejepa_backbone_epoch_100.pt,experiments/experiment-c10-vit-lejepa-v5-short-lr15e4-sig005/logs/train_vit_lejepa_48265146.out,161
experiment-c10-vit-lejepa-v5-short-lr15e4-sig005,train,EPOCH,OK,experiments/experiment-c10-vit-lejepa-v5-short-lr15e4-sig005/checkpoints/vit_lejepa_backbone_epoch_080.pt,experiments/experiment-c10-vit-lejepa-v5-short-lr15e4-sig005/logs/train_vit_lejepa_48265146.out,164
experiment-c10-vit-lejepa-v5-short-lr15e4-sig005,train,BEST,OK,experiments/experiment-c10-vit-lejepa-v5-short-lr15e4-sig005/checkpoints/vit_lejepa_backbone_best.pt,experiments/experiment-c10-vit-lejepa-v5-short-lr15e4-sig005/logs/train_vit_lejepa_48265146.out,167
experiment-c10-vit-sup,lsas_eval,BEST,OK,experiments/experiment-c10-vit-sup/checkpoints/vit_supervised_best.pt,experiments/experiment-c10-vit-sup/logs/eval_vit_supervised_predicted_48079491.out,31
experiment-c10-vit-sup,lsas_eval,BEST,OK,experiments/experiment-c10-vit-sup/checkpoints/vit_supervised_best.pt,experiments/experiment-c10-vit-sup/logs/eval_vit_supervised_predicted_48097914.out,31
experiment-c10-vit-sup,lsas_eval,BEST,OK,experiments/experiment-c10-vit-sup/checkpoints/vit_supervised_best.pt,experiments/experiment-c10-vit-sup/logs/eval_vit_supervised_true_48079514.out,31
experiment-c10-vit-sup,lsas_eval,BEST,OK,experiments/experiment-c10-vit-sup/checkpoints/vit_supervised_best.pt,experiments/experiment-c10-vit-sup/logs/eval_vit_supervised_true_48097923.out,31
experiment-c10-vit-sup,representation,BEST,OK,experiments/experiment-c10-vit-sup/checkpoints/vit_supervised_best.pt,experiments/experiment-c10-vit-sup/logs/repr_supervised_48079486.out,28
experiment-c10-vit-sup,representation,BEST,OK,experiments/experiment-c10-vit-sup/checkpoints/vit_supervised_best.pt,experiments/experiment-c10-vit-sup/logs/repr_vit_supervised_48079780.out,28
experiment-imagenet100-r18-lejepa,train,LAST,CHECK_AND_PROBABLY_RERUN,experiments/experiment-imagenet100-r18-lejepa/checkpoints/imagenet100_resnet18_lejepa_backbone_last.pt,experiments/experiment-imagenet100-r18-lejepa/logs/train_lejepa_48641466.out,242
experiment-imagenet100-r18-lejepa,train,BEST,OK,experiments/experiment-imagenet100-r18-lejepa/checkpoints/imagenet100_resnet18_lejepa_backbone_loss_best.pt,experiments/experiment-imagenet100-r18-lejepa/logs/train_lejepa_48641466.out,244
experiment-imagenet100-r18-lejepa,train,EPOCH,OK,experiments/experiment-imagenet100-r18-lejepa/checkpoints/imagenet100_resnet18_lejepa_backbone_epoch_020.pt,experiments/experiment-imagenet100-r18-lejepa/logs/train_lejepa_48641466.out,246
experiment-imagenet100-r18-lejepa,train,EPOCH,OK,experiments/experiment-imagenet100-r18-lejepa/checkpoints/imagenet100_resnet18_lejepa_backbone_epoch_040.pt,experiments/experiment-imagenet100-r18-lejepa/logs/train_lejepa_48641466.out,248
experiment-imagenet100-r18-lejepa,train,EPOCH,OK,experiments/experiment-imagenet100-r18-lejepa/checkpoints/imagenet100_resnet18_lejepa_backbone_epoch_060.pt,experiments/experiment-imagenet100-r18-lejepa/logs/train_lejepa_48641466.out,250
experiment-imagenet100-r18-lejepa,train,EPOCH,OK,experiments/experiment-imagenet100-r18-lejepa/checkpoints/imagenet100_resnet18_lejepa_backbone_epoch_080.pt,experiments/experiment-imagenet100-r18-lejepa/logs/train_lejepa_48641466.out,252
experiment-imagenet100-r18-lejepa,train,EPOCH,OK,experiments/experiment-imagenet100-r18-lejepa/checkpoints/imagenet100_resnet18_lejepa_backbone_epoch_100.pt,experiments/experiment-imagenet100-r18-lejepa/logs/train_lejepa_48641466.out,254
experiment-imagenet100-r18-lejepa,train,EPOCH,OK,experiments/experiment-imagenet100-r18-lejepa/checkpoints/imagenet100_resnet18_lejepa_backbone_epoch_120.pt,experiments/experiment-imagenet100-r18-lejepa/logs/train_lejepa_48641466.out,256
experiment-imagenet100-r18-lejepa,train,EPOCH,OK,experiments/experiment-imagenet100-r18-lejepa/checkpoints/imagenet100_resnet18_lejepa_backbone_epoch_140.pt,experiments/experiment-imagenet100-r18-lejepa/logs/train_lejepa_48641466.out,258
experiment-imagenet100-r18-lejepa,train,EPOCH,OK,experiments/experiment-imagenet100-r18-lejepa/checkpoints/imagenet100_resnet18_lejepa_backbone_epoch_160.pt,experiments/experiment-imagenet100-r18-lejepa/logs/train_lejepa_48641466.out,260
experiment-imagenet100-r18-lejepa,train,EPOCH,OK,experiments/experiment-imagenet100-r18-lejepa/checkpoints/imagenet100_resnet18_lejepa_backbone_epoch_180.pt,experiments/experiment-imagenet100-r18-lejepa/logs/train_lejepa_48641466.out,262
experiment-imagenet100-r18-lejepa,train,EPOCH,OK,experiments/experiment-imagenet100-r18-lejepa/checkpoints/imagenet100_resnet18_lejepa_backbone_epoch_200.pt,experiments/experiment-imagenet100-r18-lejepa/logs/train_lejepa_48641466.out,264
experiment-imagenet100-r18-lejepa,train,EPOCH,OK,experiments/experiment-imagenet100-r18-lejepa/checkpoints/imagenet100_resnet18_lejepa_backbone_epoch_140.pt,experiments/experiment-imagenet100-r18-lejepa/logs/train_lejepa_48641466.out,267
experiment-imagenet100-r18-lejepa,train,BEST,OK,experiments/experiment-imagenet100-r18-lejepa/checkpoints/imagenet100_resnet18_lejepa_backbone_best.pt,experiments/experiment-imagenet100-r18-lejepa/logs/train_lejepa_48641466.out,270
experiment-imagenet100-vit-lejepa,train,LAST,CHECK_AND_PROBABLY_RERUN,experiments/experiment-imagenet100-vit-lejepa/checkpoints/imagenet100_vit_lejepa_backbone_last.pt,experiments/experiment-imagenet100-vit-lejepa/logs/train_vit_lejepa_48641469.out,139
experiment-imagenet100-vit-lejepa,train,BEST,OK,experiments/experiment-imagenet100-vit-lejepa/checkpoints/imagenet100_vit_lejepa_backbone_loss_best.pt,experiments/experiment-imagenet100-vit-lejepa/logs/train_vit_lejepa_48641469.out,141
experiment-imagenet100-vit-lejepa,train,EPOCH,OK,experiments/experiment-imagenet100-vit-lejepa/checkpoints/imagenet100_vit_lejepa_backbone_epoch_010.pt,experiments/experiment-imagenet100-vit-lejepa/logs/train_vit_lejepa_48641469.out,143
experiment-imagenet100-vit-lejepa,train,EPOCH,OK,experiments/experiment-imagenet100-vit-lejepa/checkpoints/imagenet100_vit_lejepa_backbone_epoch_020.pt,experiments/experiment-imagenet100-vit-lejepa/logs/train_vit_lejepa_48641469.out,145
experiment-imagenet100-vit-lejepa,train,EPOCH,OK,experiments/experiment-imagenet100-vit-lejepa/checkpoints/imagenet100_vit_lejepa_backbone_epoch_030.pt,experiments/experiment-imagenet100-vit-lejepa/logs/train_vit_lejepa_48641469.out,147
experiment-imagenet100-vit-lejepa,train,EPOCH,OK,experiments/experiment-imagenet100-vit-lejepa/checkpoints/imagenet100_vit_lejepa_backbone_epoch_040.pt,experiments/experiment-imagenet100-vit-lejepa/logs/train_vit_lejepa_48641469.out,149
experiment-imagenet100-vit-lejepa,train,EPOCH,OK,experiments/experiment-imagenet100-vit-lejepa/checkpoints/imagenet100_vit_lejepa_backbone_epoch_050.pt,experiments/experiment-imagenet100-vit-lejepa/logs/train_vit_lejepa_48641469.out,151
experiment-imagenet100-vit-lejepa,train,EPOCH,OK,experiments/experiment-imagenet100-vit-lejepa/checkpoints/imagenet100_vit_lejepa_backbone_epoch_060.pt,experiments/experiment-imagenet100-vit-lejepa/logs/train_vit_lejepa_48641469.out,153
experiment-imagenet100-vit-lejepa,train,EPOCH,OK,experiments/experiment-imagenet100-vit-lejepa/checkpoints/imagenet100_vit_lejepa_backbone_epoch_070.pt,experiments/experiment-imagenet100-vit-lejepa/logs/train_vit_lejepa_48641469.out,155
experiment-imagenet100-vit-lejepa,train,EPOCH,OK,experiments/experiment-imagenet100-vit-lejepa/checkpoints/imagenet100_vit_lejepa_backbone_epoch_080.pt,experiments/experiment-imagenet100-vit-lejepa/logs/train_vit_lejepa_48641469.out,157
experiment-imagenet100-vit-lejepa,train,EPOCH,OK,experiments/experiment-imagenet100-vit-lejepa/checkpoints/imagenet100_vit_lejepa_backbone_epoch_090.pt,experiments/experiment-imagenet100-vit-lejepa/logs/train_vit_lejepa_48641469.out,159
experiment-imagenet100-vit-lejepa,train,EPOCH,OK,experiments/experiment-imagenet100-vit-lejepa/checkpoints/imagenet100_vit_lejepa_backbone_epoch_100.pt,experiments/experiment-imagenet100-vit-lejepa/logs/train_vit_lejepa_48641469.out,161
experiment-imagenet100-vit-lejepa,train,EPOCH,OK,experiments/experiment-imagenet100-vit-lejepa/checkpoints/imagenet100_vit_lejepa_backbone_epoch_090.pt,experiments/experiment-imagenet100-vit-lejepa/logs/train_vit_lejepa_48641469.out,164
experiment-imagenet100-vit-lejepa,train,BEST,OK,experiments/experiment-imagenet100-vit-lejepa/checkpoints/imagenet100_vit_lejepa_backbone_best.pt,experiments/experiment-imagenet100-vit-lejepa/logs/train_vit_lejepa_48641469.out,167
experiment-imagenets50-r18-lejepa,train,LAST,CHECK_AND_PROBABLY_RERUN,experiments/experiment-imagenets50-r18-lejepa/checkpoints/imagenets50_resnet18_lejepa_backbone_last.pt,experiments/experiment-imagenets50-r18-lejepa/logs/train_lejepa_48641474.out,242
experiment-imagenets50-r18-lejepa,train,BEST,OK,experiments/experiment-imagenets50-r18-lejepa/checkpoints/imagenets50_resnet18_lejepa_backbone_loss_best.pt,experiments/experiment-imagenets50-r18-lejepa/logs/train_lejepa_48641474.out,244
experiment-imagenets50-r18-lejepa,train,EPOCH,OK,experiments/experiment-imagenets50-r18-lejepa/checkpoints/imagenets50_resnet18_lejepa_backbone_epoch_020.pt,experiments/experiment-imagenets50-r18-lejepa/logs/train_lejepa_48641474.out,246
experiment-imagenets50-r18-lejepa,train,EPOCH,OK,experiments/experiment-imagenets50-r18-lejepa/checkpoints/imagenets50_resnet18_lejepa_backbone_epoch_040.pt,experiments/experiment-imagenets50-r18-lejepa/logs/train_lejepa_48641474.out,248
experiment-imagenets50-r18-lejepa,train,EPOCH,OK,experiments/experiment-imagenets50-r18-lejepa/checkpoints/imagenets50_resnet18_lejepa_backbone_epoch_060.pt,experiments/experiment-imagenets50-r18-lejepa/logs/train_lejepa_48641474.out,250
experiment-imagenets50-r18-lejepa,train,EPOCH,OK,experiments/experiment-imagenets50-r18-lejepa/checkpoints/imagenets50_resnet18_lejepa_backbone_epoch_080.pt,experiments/experiment-imagenets50-r18-lejepa/logs/train_lejepa_48641474.out,252
experiment-imagenets50-r18-lejepa,train,EPOCH,OK,experiments/experiment-imagenets50-r18-lejepa/checkpoints/imagenets50_resnet18_lejepa_backbone_epoch_100.pt,experiments/experiment-imagenets50-r18-lejepa/logs/train_lejepa_48641474.out,254
experiment-imagenets50-r18-lejepa,train,EPOCH,OK,experiments/experiment-imagenets50-r18-lejepa/checkpoints/imagenets50_resnet18_lejepa_backbone_epoch_120.pt,experiments/experiment-imagenets50-r18-lejepa/logs/train_lejepa_48641474.out,256
experiment-imagenets50-r18-lejepa,train,EPOCH,OK,experiments/experiment-imagenets50-r18-lejepa/checkpoints/imagenets50_resnet18_lejepa_backbone_epoch_140.pt,experiments/experiment-imagenets50-r18-lejepa/logs/train_lejepa_48641474.out,258
experiment-imagenets50-r18-lejepa,train,EPOCH,OK,experiments/experiment-imagenets50-r18-lejepa/checkpoints/imagenets50_resnet18_lejepa_backbone_epoch_160.pt,experiments/experiment-imagenets50-r18-lejepa/logs/train_lejepa_48641474.out,260
experiment-imagenets50-r18-lejepa,train,EPOCH,OK,experiments/experiment-imagenets50-r18-lejepa/checkpoints/imagenets50_resnet18_lejepa_backbone_epoch_180.pt,experiments/experiment-imagenets50-r18-lejepa/logs/train_lejepa_48641474.out,262
experiment-imagenets50-r18-lejepa,train,EPOCH,OK,experiments/experiment-imagenets50-r18-lejepa/checkpoints/imagenets50_resnet18_lejepa_backbone_epoch_200.pt,experiments/experiment-imagenets50-r18-lejepa/logs/train_lejepa_48641474.out,264
experiment-imagenets50-r18-lejepa,train,EPOCH,OK,experiments/experiment-imagenets50-r18-lejepa/checkpoints/imagenets50_resnet18_lejepa_backbone_epoch_160.pt,experiments/experiment-imagenets50-r18-lejepa/logs/train_lejepa_48641474.out,267
experiment-imagenets50-r18-lejepa,train,BEST,OK,experiments/experiment-imagenets50-r18-lejepa/checkpoints/imagenets50_resnet18_lejepa_backbone_best.pt,experiments/experiment-imagenets50-r18-lejepa/logs/train_lejepa_48641474.out,270
experiment-imagenets50-vit-lejepa,train,LAST,CHECK_AND_PROBABLY_RERUN,experiments/experiment-imagenets50-vit-lejepa/checkpoints/imagenets50_vit_lejepa_backbone_last.pt,experiments/experiment-imagenets50-vit-lejepa/logs/train_vit_lejepa_48641476.out,139
experiment-imagenets50-vit-lejepa,train,BEST,OK,experiments/experiment-imagenets50-vit-lejepa/checkpoints/imagenets50_vit_lejepa_backbone_loss_best.pt,experiments/experiment-imagenets50-vit-lejepa/logs/train_vit_lejepa_48641476.out,141
experiment-imagenets50-vit-lejepa,train,EPOCH,OK,experiments/experiment-imagenets50-vit-lejepa/checkpoints/imagenets50_vit_lejepa_backbone_epoch_010.pt,experiments/experiment-imagenets50-vit-lejepa/logs/train_vit_lejepa_48641476.out,143
experiment-imagenets50-vit-lejepa,train,EPOCH,OK,experiments/experiment-imagenets50-vit-lejepa/checkpoints/imagenets50_vit_lejepa_backbone_epoch_020.pt,experiments/experiment-imagenets50-vit-lejepa/logs/train_vit_lejepa_48641476.out,145
experiment-imagenets50-vit-lejepa,train,EPOCH,OK,experiments/experiment-imagenets50-vit-lejepa/checkpoints/imagenets50_vit_lejepa_backbone_epoch_030.pt,experiments/experiment-imagenets50-vit-lejepa/logs/train_vit_lejepa_48641476.out,147
experiment-imagenets50-vit-lejepa,train,EPOCH,OK,experiments/experiment-imagenets50-vit-lejepa/checkpoints/imagenets50_vit_lejepa_backbone_epoch_040.pt,experiments/experiment-imagenets50-vit-lejepa/logs/train_vit_lejepa_48641476.out,149
experiment-imagenets50-vit-lejepa,train,EPOCH,OK,experiments/experiment-imagenets50-vit-lejepa/checkpoints/imagenets50_vit_lejepa_backbone_epoch_050.pt,experiments/experiment-imagenets50-vit-lejepa/logs/train_vit_lejepa_48641476.out,151
experiment-imagenets50-vit-lejepa,train,EPOCH,OK,experiments/experiment-imagenets50-vit-lejepa/checkpoints/imagenets50_vit_lejepa_backbone_epoch_060.pt,experiments/experiment-imagenets50-vit-lejepa/logs/train_vit_lejepa_48641476.out,153
experiment-imagenets50-vit-lejepa,train,EPOCH,OK,experiments/experiment-imagenets50-vit-lejepa/checkpoints/imagenets50_vit_lejepa_backbone_epoch_070.pt,experiments/experiment-imagenets50-vit-lejepa/logs/train_vit_lejepa_48641476.out,155
experiment-imagenets50-vit-lejepa,train,EPOCH,OK,experiments/experiment-imagenets50-vit-lejepa/checkpoints/imagenets50_vit_lejepa_backbone_epoch_080.pt,experiments/experiment-imagenets50-vit-lejepa/logs/train_vit_lejepa_48641476.out,157
experiment-imagenets50-vit-lejepa,train,EPOCH,OK,experiments/experiment-imagenets50-vit-lejepa/checkpoints/imagenets50_vit_lejepa_backbone_epoch_090.pt,experiments/experiment-imagenets50-vit-lejepa/logs/train_vit_lejepa_48641476.out,159
experiment-imagenets50-vit-lejepa,train,EPOCH,OK,experiments/experiment-imagenets50-vit-lejepa/checkpoints/imagenets50_vit_lejepa_backbone_epoch_100.pt,experiments/experiment-imagenets50-vit-lejepa/logs/train_vit_lejepa_48641476.out,161
experiment-imagenets50-vit-lejepa,train,EPOCH,OK,experiments/experiment-imagenets50-vit-lejepa/checkpoints/imagenets50_vit_lejepa_backbone_epoch_080.pt,experiments/experiment-imagenets50-vit-lejepa/logs/train_vit_lejepa_48641476.out,164
experiment-imagenets50-vit-lejepa,train,BEST,OK,experiments/experiment-imagenets50-vit-lejepa/checkpoints/imagenets50_vit_lejepa_backbone_best.pt,experiments/experiment-imagenets50-vit-lejepa/logs/train_vit_lejepa_48641476.out,167
